sleep_hours,tremor,fatigue_level,mood_score,Unnamed: 4,anomaly
7.745071229516849,7,4.179954716671215,9.17106188,,0
6.792603548243223,3,4.883678606993832,5.70649096,,0
7.971532807151039,3,4.207811924,10.0,,0
9.284544784612038,2,3.362591793145369,8.385038172293577,,0
6.648769937914996,7,6.229106744483432,10.0,,0
6.648794564576229,4,4.702907435719125,5.916325683280226,,0
9.368819223261088,3,4.8211210192788965,8.374237907454606,,0
8.151152093729364,2,0.0,9.375238442,,1
6.295788421097572,1,4.547023559941643,4.838738730013872,,0
7.8138400653789475,3,2.846783292513941,6.447028782815647,,0
6.304873460781307,2,3.9551270960846976,10.0,,0
6.301405369644614,3,5.472560188,6.418454326107375,,0
7.362943407,2,3.7729770161759184,6.542735324614972,,0
4.130079633,3,4.048916829202555,7.453496756369696,,0
4.412623251230451,4,5.193154363901679,8.874130541,,0
6.1565687061385415,2,3.986973207807021,5.832472066039783,,0
5.480753319498364,3,2.8893739405269034,8.722895140369628,,0
7.471370998892911,3,1.5569887061209051,8.874042841282671,,0
5.637963886718183,1,5.673151568031583,3.097071683382469,,0
4.881544447997063,3,3.966990811240935,4.874653002,,0
9.2,9,1.6689578985595848,10.0,,1
6.661335549270197,10,7.491325084878079,5.2996932570486734,,1
7.101292307031886,1,5.676050994500989,3.921279495455232,,0
4.862877720679815,9,2.6240989428485584,5.753521434573262,,1
6.183425913212226,10,3.5907276080807344,10.0,,1
7.166383884564799,8,7.092823934359373,5.7934579004052855,,0
5.273509633866546,4,4.649143102970605,4.335452278576004,,0
7.563547027518508,4,4.163259447860592,4.478456621831086,,0
6.099041965121793,2,6.501350309003899,7.519939162759553,,0
6.562459375310085,4,4.664366231310471,9.478887388095009,,0
6.097440081655905,3,7.459340652779511,7.078107224383704,,0
9.778417276763406,3,4.174599516600083,8.760870333,,0
6.979754162893099,3,3.859261370361722,6.019584532707332,,0
5.41,4,5.033183838728855,4.604875185050977,,0
8.233817368154783,2,6.929354916728103,6.002990826194963,,0
5.168734525043467,4,5.499026298757466,1.8007894791087318,,1
7.313295392507133,4,5.207090281653803,9.622185903426807,,0
4.060494814180337,3,3.3852269545276954,10.0,,0
5.007720926652354,2,3.091367517702035,10.0,,0
7.295291853803685,1,6.931551474244108,10.0,,0
8.107699869993116,3,7.141684705717865,9.469779454,,0
7.257052421784956,4,7.077190231363149,10.0,,0
6.826527576417639,1,6.582101110880728,6.686229883373091,,0
6.548344456616067,3,5.893033533422638,8.895089069350327,,0
4.782217014448859,2,5.862419113669944,7.472813738006776,,0
5.920233687407937,4,5.267186487130514,5.770513953591534,,0
6.309041843560319,3,6.124144334362448,9.357641326050809,,0
8.585683339328373,1,4.916618735348111,6.422092301,,0
7.515427434352692,8,6.118542005494978,7.3645144811714225,,0
4.355439766955899,4,6.835119620906045,10.0,,0
7.486125954092192,1,2.484474082876543,4.545513819192555,,0
6.422376579375525,2,7.192627824501328,7.220711886758563,,0
5.984616999541062,2,4.884376794566811,10.0,,0
7.917514433261302,1,7.916399717626531,8.361591913627699,,0
8.546499283743927,1,7.540932388172937,9.958969133649532,,0
8.396920178674298,2,2.938496064979459,7.314459796879007,,0
5.741173715166042,1,5.001269706,5.616322933263142,,0
6.5361814362231785,1,1.268332801745354,10.0,,0
7.496895147105346,4,4.227846037939589,8.680954346177133,,0
8.463317690683539,4,5.7114792152457605,7.026557525005654,,0
6.281238643232065,4,6.693908616671193,4.441318268884828,,0
6.721511535004274,10,5.138472239,4.347026128072663,,1
5.340497538990958,3,5.885519160777617,10.0,,0
5.205690063878993,9,3.5951251979149417,6.281033652028226,,0
8.218788733591296,1,4.961961380822253,8.707189139537961,,0
9.034360042856235,3,3.819683188426144,6.742417256412872,,0
6.891984817629499,2,5.565116880971679,10.0,,0
8.505299346838036,4,7.779455764970406,10.0,,0
7.542454037571451,2,4.886126577303878,6.917735278720503,,0
6.032320368092313,2,2.257809627527825,4.979830506052821,,0
7.5420934082626205,3,5.392552514859577,7.801849350911172,,0
9.307054849698954,9,6.410871493481716,9.748125452,,1
6.946260941335073,3,3.163947115480857,7.399494189369421,,0
9.346965483721007,10,7.483682310316431,10.0,,1
3.070382343865384,2,3.8073213045016967,7.893298200759406,,0
8.232853756562836,10,3.479529566393604,10.0,,1
7.130570602357257,2,1.4387594257071648,9.162162114727622,,0
6.551488974301199,2,5.537598852,4.314777561680676,,0
7.137641164803253,2,8.631983038958762,6.219197601654376,,0
4.018646628098661,3,5.733500083904527,4.4941729669424255,,0
6.670492168243732,10,3.5316336730862834,10.0,,0
7.54,1,6.026434695143255,9.81726933307366,,0
9.216841067112274,2,6.600706307140273,10.0,,0
6.222594672589529,3,7.321330464136832,7.423003904033563,,0
5.787259595660219,2,2.5300456725957674,6.349512258902199,,0
6.247364434623195,4,8.106119540084231,10.0,,0
8.373103176553112,9,5.426892151978397,8.751288803996271,,0
7.493126664489527,2,8.506389117,4.837016064562266,,0
6.205359694349442,1,5.311176427729749,7.874532919006694,,0
7.769901149670034,2,6.153526073611391,3.951423285713968,,0
7.15,2,3.1027441424323534,6.875094106774249,,0
8.452967485799334,4,6.969681329995469,6.951398572432182,,0
5.946920359183972,2,2.8461740452077184,5.061755209345506,,0
6.508506780103348,4,5.537557283966983,10.0,,0
6.411837770301764,3,4.1389204482047175,6.479503579,,0
4.804727577801822,3,4.823790239549646,5.183251036980041,,0
7.444180415596864,4,7.170449547135556,5.360305981397913,,0
7.391582908269834,3,4.289954979874336,10.0,,0
7.007670184963692,9,7.211349976,7.599788025443757,,0
6.65,3,4.186073105197728,6.772925055366289,,0
4.876943886924378,10,5.261811980310735,3.706502031804093,,1
6.369032015851961,4,9.299634042,4.361259992456567,,0
6.485928225209846,4,5.243443981880527,7.269980478171874,,0
5.796584096167572,1,4.8482738140132655,9.333340717,,0
6.758071432500986,3,5.279894782647698,10.0,,0
7.606076285221808,10,4.339500955341198,3.801081817610049,,1
9.829278851815795,2,2.9972888447897046,10.0,,0
7.261866719247759,1,9.118296385505015,10.0,,0
7.386325586084147,4,4.187351544061978,7.714639591861076,,0
6.888331126350749,2,1.955044695579112,10.0,,0
4.121843177051438,4,4.689187181388313,5.392024971588993,,0
6.960229186826175,2,5.713746626635783,10.0,,0
7.09,8,4.584408791655616,10.0,,0
10.69486316872793,2,4.902511803830934,10.0,,0
6.711458552828316,1,4.672194179949659,8.020032666837684,,0
7.452321013500419,4,5.851073585392056,6.318262666303889,,0
6.947932345442135,3,6.637955716,10.0,,0
5.246982943570702,2,4.615071993055812,6.713123432720587,,0
8.71,2,10.0,7.684810450294693,,0
8.127899549030161,1,7.081783287822882,10.0,,0
8.186547920564571,1,4.989086756373711,8.855730688242392,,0
5.635918817807892,4,2.3631307376707555,10.0,,0
9.1,1,5.228545319857367,7.196626292889458,,0
4.897223405811578,4,6.627771297425738,10.0,,0
7.880285640700405,1,6.643100346360471,10.0,,0
10.285683438714967,1,1.2946793520552928,6.134476319,,1
5.514195512303967,2,5.230723152266456,8.351148768186931,,0
6.150553405595842,2,4.038826608177538,4.499019984468857,,0
7.1494770476314615,4,7.994392337530293,5.111932239915777,,0
6.244786518825701,3,5.247358542390237,10.0,,0
4.674004853400801,2,0.4315813814274651,8.295683536509992,,1
7.102844462209041,4,5.736653997309289,10.0,,0
5.406544429410843,4,1.100237515314867,10.0,,0
7.710388645952772,10,5.900231681830396,6.7397879810088845,,0
5.620863648649295,8,10.0,10.0,,1
9.324901607526307,3,7.720692310101196,8.493346185,,0
5.825120061495644,4,5.517655786744042,10.0,,0
6.516907725691486,10,3.681079242950819,4.620874865684613,,1
8.220275826054504,3,7.548330561186594,10.0,,0
5.153703525349068,2,6.271780799465871,5.988313460603295,,0
7.341189901906194,2,4.466318916358727,7.9013687398403105,,0
8.960714131423643,4,3.9224807490180784,10.0,,0
4.588775148158159,4,3.1865220733927275,6.208315442133148,,0
7.276950787798456,3,5.749367902858311,8.059258712442531,,0
7.389824191372635,4,4.166473446,7.937342789125834,,0
8.172734307665966,1,5.335695672155566,8.670940783320056,,0
5.144573933682877,10,6.855535782076352,6.974372696427873,,1
5.019315080373586,2,4.116583258377754,5.766205148742916,,0
7.782912348425347,2,6.290199552401663,6.452959495140702,,0
7.445477009849779,10,7.444658411104803,9.173776093859372,,1
7.375739275518815,4,5.790361239146712,5.398430327367061,,0
7.519672314245463,10,6.399133229703088,4.483392865713844,,1
5.979962917632264,1,5.805278995636025,6.401141707923477,,0
7.348380545741505,4,5.032524069378229,5.000736630710001,,0
7.439608709948022,1,6.674276675436238,9.685878134,,0
5.928472872960448,2,8.218428289267997,10.0,,0
9.798661766717135,8,6.709982814445462,6.614738078582821,,1
7.710749381367681,4,4.612761096611793,7.762678791490476,,0
5.2130447541960265,3,4.665074630137912,6.896855894241698,,0
7.984830412950744,4,4.739887727125712,7.333138745625401,,0
5.5379774946590175,1,6.894855144627691,10.0,,0
8.180626905613678,2,3.9475206512659264,6.904544773704116,,0
8.737893368511106,2,2.951256272625126,8.094160715,,0
5.7689765224724345,4,5.937846791775706,3.1221666278419087,,0
8.445064193866482,1,5.0432859226843485,9.12597737,,0
7.619171390404747,1,7.962633030117484,10.0,,0
8.233090239991736,4,0.4867139073620219,7.358341812177427,,0
9.845189473980922,1,5.4161697285114725,8.719006482617818,,0
6.631917825995695,4,4.192545335,10.0,,0
5.869395753463765,2,6.620558240602622,6.058252003451107,,0
5.665728355561715,10,4.440013862384363,7.509489751821374,,1
5.776284572551843,4,3.847899078478785,10.0,,0
6.884347435878844,2,6.871760145755144,9.976445806666604,,0
7.511727962224966,3,7.557972831321308,8.028524815690808,,0
7.415036198995028,3,4.804638607077566,10.0,,0
8.240774873554036,4,4.843001189006122,10.0,,0
7.0195028378168605,2,7.541161210510655,8.466744984416486,,0
9.180301115735976,9,7.317684313997449,7.764708791456312,,0
6.603014750143066,4,7.062851375288297,4.840867871458591,,0
11.080253749884427,2,4.194538242172558,10.0,,0
7.938501021647509,1,3.6830626961291246,10.0,,0
5.714263665375576,8,8.273287449614777,3.8701607975724497,,1
5.393661252908331,4,6.219421511273422,10.0,,0
7.723708622864778,4,3.517043640507871,6.440875865939433,,0
6.664805822011224,3,4.787284005140405,7.101697707407166,,0
8.071000741138137,2,5.169944123188774,6.067419621580968,,0
7.709856436860317,1,4.788708238396643,8.758391129527707,,0
6.890756631014691,7,4.415483949,10.0,,0
5.729809422897393,4,7.461203558530835,5.570559012351017,,0
4.727729162971203,7,6.056808269,10.0,,0
6.330227571899468,3,9.506623873724344,8.196593591486117,,0
8.284598191485209,4,7.570767713048578,5.094551675269608,,0
7.321140616195306,2,5.272623174324221,10.0,,0
5.131391831932018,2,7.834214181790194,7.609302647204452,,0
7.259771388776773,2,5.7056531955882015,5.731843377168119,,0
7.577976069593255,3,9.836583641061946,7.377691062424573,,0
5.674213845698301,2,4.370112979012867,10.0,,0
7.230587658918292,2,5.906089834242038,6.546482067193474,,0
7.09,4,3.798591729398616,7.339177567752779,,0
5.2855445532540655,2,4.237874493677965,3.892456525528488,,0
7.536681040522425,4,4.317211252,4.303974879147579,,0
7.841176789552351,1,7.472473412217537,10.0,,0
8.624576864762915,1,5.416063993763548,7.394750447665285,,0
8.580703078052355,4,0.082088761,8.187919091262817,,1
4.933495948064364,1,5.187317754429917,6.355337662431725,,0
5.593262440127316,4,3.052231627765172,6.208734345902621,,0
7.77,1,4.118661653454225,10.0,,0
7.770678926368313,4,7.301248019425579,5.998692445784583,,0
7.772571529459071,1,2.3130831041183044,10.0,,0
12.0,3,2.543692591137007,9.22352720357184,,1
7.86,2,1.6790573403932516,8.498871695367669,,0
8.703348460270899,4,4.225154799760805,10.0,,0
8.431002645239804,1,1.6207863593234522,8.515483605937488,,0
7.977086876958697,2,1.7885656437587647,10.0,,0
6.527096133039482,3,4.540401651894417,10.0,,0
8.138453830739902,7,5.627421159922824,4.718737222,,0
5.840762178193643,4,3.177748953615245,5.222081976911895,,0
6.644772089889987,3,5.722210716472865,8.993248980646772,,0
6.2719546782563445,3,5.2213432192615175,3.4761402405523265,,0
7.122811209079484,8,6.080304144701952,5.998469763945345,,0
10.471987850010263,4,2.91867712267156,7.144883222584177,,0
4.199102211112378,3,8.967907575,3.6420926127338977,,1
8.029390285561771,4,2.7213040516630174,10.0,,0
4.5809261932155225,8,3.749181130534704,4.217373158799977,,1
6.29,7,6.029948984460853,7.650451979076508,,0
8.63,1,5.235616134775816,8.082886889701163,,0
7.096420028643194,1,6.693837784375655,4.968540409927213,,0
5.38,3,4.38017197,4.641530776601642,,0
5.927044436110048,3,2.5464020281206348,10.0,,0
8.019396623402013,1,1.949879058632268,5.651357248819986,,0
5.904450052424295,3,8.559223147470021,9.375908891538062,,0
7.324687884372962,2,4.394015252,10.0,,0
7.07,4,4.665209438143757,9.712196436,,0
6.022599478591275,7,8.602782828550591,5.901602058547869,,0
10.215916133987989,1,4.015814072735607,10.0,,0
7.950878533477017,2,5.048483545031096,6.996643433942396,,0
3.962286120013589,4,2.934901929391218,10.0,,0
7.279681472154142,2,2.375381056020859,10.0,,0
6.007320302847418,1,8.779553776026624,5.712250306545423,,0
8.278650002194336,4,8.807268541133592,8.045164736341167,,0
5.811218892350949,2,7.042091413585505,10.0,,0
6.827895337799651,8,6.975026100968924,10.0,,0
7.757480918470685,4,6.508736844080836,5.786495372706346,,0
8.298632791255182,2,3.521405127,10.0,,0
5.199555389416336,1,5.581457497927476,4.782731960564902,,0
6.498248146238577,8,3.992439102110419,10.0,,0
6.287582033258566,1,0.0,6.814547432562884,,1
6.020006151139432,4,7.238539347969594,8.754368945105131,,0
9.648181360421646,4,6.109300116978698,6.797220144,,0
7.607472566441434,1,2.365561450069716,6.116694219114184,,0
5.108674068497432,4,4.279424822773282,6.000142006,,0
8.376792920582163,3,7.104380776,10.0,,0
10.18323429551895,7,5.263880481850306,7.825109649651586,,1
8.55,7,1.6024413843049272,9.729588995,,1
4.72,1,2.573624326422721,5.178056455365485,,0
6.273648890700623,3,8.714568376255551,5.093265107950064,,0
8.900366723779934,10,5.131720513,6.444385020748102,,1
5.938495801571829,4,7.117033180697579,6.844447230410285,,0
7.665729142219343,3,8.676677005258448,7.037822865744689,,0
8.161951080144005,1,4.082288783623512,6.702002818717881,,0
5.609604292632875,3,5.704103021903655,3.789538664005169,,0
6.91,1,1.0667221345732898,6.206862744780442,,0
2.138098989896391,4,3.7858810303305095,10.0,,1
5.463418537998566,8,6.151498436633398,10.0,,0
6.62,2,4.615829528313905,5.958452625087281,,0
5.128325227052725,2,5.903760483029766,7.306643589216584,,0
9.448616955897451,3,6.8597541916936775,10.0,,0
4.85,1,6.1205197226659696,3.2478718617005327,,0
6.339933269954525,2,5.661645450597276,10.0,,0
7.196110865929137,2,5.381720615305069,10.0,,0
9.161909933599173,3,3.863588851583683,6.206369418,,0
4.846206773230841,2,3.152595489024248,5.391330451254517,,0
8.74,3,7.711228754747928,10.0,,0
7.015349591529381,3,6.584827070569888,8.777683543160249,,0
5.527737023428074,1,3.421716360390152,5.483917282993076,,0
7.693155211394906,4,5.128186406,6.483682161253188,,0
7.298589543360205,2,2.2162145398092723,7.7992285577522225,,0
6.099674684261808,10,4.044212331966405,10.0,,0
7.1047031274850285,2,6.071406309148505,8.641789821666354,,0
6.42,3,5.520407578752828,10.0,,0
7.170276017876872,4,5.231548492111083,7.328825206281266,,0
7.99,1,3.232766184650652,9.55930416349648,,0
9.379025224218028,4,2.8270996517022198,9.195306295453827,,0
5.143276751759727,3,6.899970834775168,6.830360740181749,,0
10.2,9,8.387213414073146,7.270743927524276,,1
4.071868300716247,4,6.099920650176059,10.0,,0
6.772322357446625,4,4.655398567787926,10.0,,0
7.882475809726865,4,7.450066723558482,8.666540847102489,,0
7.421487801602549,4,3.3156845812459608,9.808519555934176,,0
6.065950720269109,1,7.106124479511376,4.00465147045094,,0
6.687816624464087,3,3.806761402407592,7.039253585337439,,0
6.260498598011751,9,3.904960825187241,8.528380179,,0
6.115952864583683,4,4.334416827552344,8.012880032111472,,0
8.274403145531537,4,4.797612965464766,10.0,,0
7.535523228947571,1,6.829876449753808,8.612363457998052,,0
5.960635607109019,2,2.391336502176063,7.010258950891999,,0
8.349399813149876,2,3.791174182505936,10.0,,0
7.460949281314914,1,5.419298766944505,3.717122887,,0
8.22,9,6.115650514,6.632620530639409,,0
7.944443262885418,2,1.590312839328193,8.922120017452968,,0
5.756507483616892,2,3.4191990345436096,6.731805715,,0
6.159728439704546,2,1.5025479098849002,10.0,,0
8.120940407684893,8,3.601080554921896,10.0,,0
7.915555398150198,1,4.125326785229572,10.0,,0
6.968647609053778,3,6.005502461329034,6.631412169709396,,0
7.175991074963173,4,0.4180371232511497,5.130386933640404,,1
8.916497343682638,8,6.306537207417232,10.0,,0
6.112642916746255,1,3.981286127753237,5.918475451,,0
7.820646071755057,9,4.318202146023339,5.548431453613555,,0
6.696711021349159,3,6.942591197584362,6.030863034967252,,0
6.67,9,7.689776204077862,5.970131889608136,,0
8.648165277980786,4,3.689768847091192,4.076386263411358,,0
8.238124523482044,3,3.676289811272617,9.431284665577902,,0
8.220264454000958,1,4.291555404438729,7.776050484518513,,0
8.958218210731493,1,3.6664404042573775,7.871571140082239,,0
7.031505762449139,1,2.1298197443044318,10.0,,0
8.022929456942446,4,4.937156200192115,7.803703823682005,,0
6.534599865109816,7,3.680042536653974,10.0,,0
7.486249528732663,3,5.1957123074382965,6.290237338917142,,0
6.804785418448473,7,8.417383076187889,7.808029708154995,,0
7.1454939474890775,2,4.788700719070111,10.0,,0
7.89,3,3.488593992880759,8.470694955339836,,0
5.772668975149792,4,4.455553231538097,9.692942681252882,,0
10.138580913528193,2,5.257380804632323,5.894484892959532,,0
5.490973927750448,4,4.669072647152038,4.483198473809896,,0
5.1787170808184015,4,3.874341701278285,5.859389159714262,,0
8.737166310250101,1,1.6865230917109937,8.875803913664711,,0
8.187494040944404,2,6.267335882497116,10.0,,0
7.936179725578233,2,3.213534432946616,6.374576300124865,,0
7.94,2,7.924952433,10.0,,0
6.981629840729628,3,4.262134818051939,10.0,,0
5.654118442771253,2,3.966962132248793,5.031351287076337,,0
7.113706837290589,3,4.057017399042564,8.609260856848058,,0
5.984257432731832,2,5.300381674310385,10.0,,0
8.462679600126627,2,3.2671568602352936,10.0,,0
6.779413927746792,10,3.649606661372717,6.221734306976431,,0
5.761754204811233,9,6.244711596417745,5.1509957059618765,,0
6.52,4,2.964567279,7.481970120714464,,0
7.6193971814134365,1,6.0964554395020265,9.912596675583918,,0
6.154413170794038,1,6.65492817,5.912834046355829,,0
5.766669406650353,7,6.335279751026679,8.631697458095962,,0
7.365530817237868,2,5.467250747308317,4.012176490892864,,0
7.367449856663084,4,1.391654690810562,6.168992558659494,,0
6.239585236943306,10,2.578568400845092,7.425985812,,1
6.293442541572516,2,2.289248231,8.797511900045219,,0
7.348074906036454,4,4.243244850545498,5.350704596203256,,0
4.8278734877540135,2,5.062482245955895,6.539236749647984,,0
4.888804338435167,1,2.617836336630317,6.573993163912117,,0
5.922333668121346,3,4.654645325941342,4.687069032133669,,0
6.6798292724322295,3,6.368408814261333,6.446430100564593,,0
7.466361348397007,2,3.0025481425126417,10.0,,0
9.213034325424328,3,3.3630846533719168,7.243573773678907,,0
8.286489434803029,3,7.361918997708397,5.893032512191896,,0
6.76009220505486,4,3.145399570149604,9.817345503505008,,0
6.971475688145967,1,5.684550282921152,10.0,,0
5.496205953043287,2,7.478510658926999,5.313998891,,0
6.972230296011415,1,2.637011488857564,10.0,,0
6.567012041619792,9,2.786635950349884,10.0,,0
7.484077840507134,2,4.537037860857811,10.0,,0
5.759153584671516,4,5.135200592464899,4.647287533333876,,0
7.779019771361758,4,3.7167900978867694,10.0,,0
9.299108369503866,1,8.942565079028535,5.872135207716788,,0
6.8368597773147135,2,6.077253166326458,9.605722836475454,,0
7.602567583148412,10,3.3913754711022293,10.0,,0
8.04,4,2.2679841676594785,6.513170831369475,,0
6.398169292171246,1,4.8739948980867895,10.0,,0
7.336138722715625,4,5.877676603868936,6.459970126195551,,0
7.0188886011726925,3,8.680909042515799,10.0,,0
7.146514147823248,2,5.151629535314649,9.234227529711651,,0
5.84,2,4.514222074347886,4.068008499810774,,0
7.036765261388414,10,3.046855042371351,5.903986998461421,,1
7.746997436868175,10,5.740765276010066,10.0,,0
9.176715411692562,2,7.033383725700982,5.867310737462844,,0
8.44,8,1.4252668498671044,6.665424704353448,,1
10.229773686267334,1,5.149382568464566,6.091231984149579,,0
5.848978655667926,2,2.9597012380865277,7.740697225464735,,0
8.308480955081016,3,2.284886107,10.0,,0
7.275013008607527,3,8.387969268,5.235359984737216,,0
10.28470439982651,1,6.774592845075083,8.458282245135422,,0
5.787552571967273,1,3.787554902828728,5.512747491531114,,0
5.740417236728836,4,4.677054365963331,6.072920965377686,,0
6.100911031833967,3,4.3654301682822325,7.815246879380957,,0
3.8141564135352897,10,2.748745775886336,8.005996914894526,,1
6.211367467478858,3,3.918398616588865,5.897635641188094,,0
5.861301007669454,2,6.567940652475981,5.190674133299082,,0
7.225590679714312,2,3.868385077529173,8.080231113095017,,0
7.512633963665739,10,5.928057078361364,10.0,,0
9.814256258823828,4,3.8838812793654665,10.0,,0
8.425635757279075,1,2.631604406726804,10.0,,0
6.134644516506396,2,7.388812646841847,4.09627834,,0
5.652377992977463,7,0.7392744582965092,7.465993070989134,,1
7.737878757259758,9,8.569965513361641,7.218098929390203,,0
5.019650189469036,10,6.9958887268785945,6.8156612723786125,,1
9.75,4,5.365426309588034,9.010828604037544,,0
8.769160181081931,4,4.108241327546344,10.0,,0
6.296236521842943,8,4.2641237461194015,10.0,,0
4.430298206363684,8,5.404925636838507,10.0,,0
9.03080856124812,4,5.369547136572512,7.89249079,,0
6.828190232121073,1,3.0816491408133317,9.601567853056144,,0
8.856724467960193,1,5.135563914343054,7.495427856783172,,0
4.608358511808449,2,5.517420321116254,4.041244123997987,,0
6.1009374655693405,8,4.398692137352556,9.930304778672282,,0
7.007865549577275,4,9.478371130113391,4.614561077669526,,0
7.070470890647113,1,4.732052350697427,8.09094044,,0
6.324901792781135,10,1.473296896377323,4.967215026701882,,1
7.934274898521248,1,2.979405750829633,8.262540622361636,,0
5.398569355926108,4,6.407055693453006,10.0,,0
6.78643077246806,1,3.555148004557569,6.059335182992059,,0
7.180443447567848,10,3.0124187773249087,10.0,,1
7.771658251088123,1,7.790722143566591,6.573467481106623,,0
8.067422317133335,3,5.339575543799389,6.166468762392626,,0
5.313036862243196,9,3.7975628442701184,8.083124267580592,,0
4.698828743896566,4,0.0,10.0,,1
8.916515232847765,2,6.240677153488202,10.0,,0
7.498471017969387,2,5.030965029099626,6.030006714369939,,0
5.88,8,7.601484008691488,8.139376341551078,,0
9.326727963283783,2,2.8107897141248457,8.596944730995741,,0
7.173511951439288,2,4.253512684827807,10.0,,0
8.77,4,5.5972389341565165,6.018436961513473,,0
7.101277722115164,4,7.511891931,10.0,,0
10.09112188732298,3,5.516939126545272,8.952787143457437,,0
9.633011263664809,2,3.5851198395549044,7.097845076412708,,0
6.63,3,7.595532718449184,7.044233299934655,,0
8.457356426431533,1,4.375433731740291,7.824829219427761,,0
7.968063924377722,2,5.360058573275434,10.0,,0
9.052947336298525,4,6.501344460866759,10.0,,0
5.552614809129843,1,8.126396306514073,6.514773802,,0
8.03,1,5.737771003100363,9.607057776846885,,0
8.587636730274381,7,10.0,6.184828422,,1
4.361890770365329,2,4.820903769,4.899437426810436,,0
5.225112231001337,9,5.587132267789126,5.0262057715182005,,0
3.941151733359849,2,3.7627047388120793,7.836418107621653,,0
6.595889748333163,8,5.645181868526218,6.892813403,,0
8.076313383693943,2,5.5942998317841575,6.356504210454296,,0
9.253535578144042,8,7.0914057839299325,8.140844673928198,,0
7.111142170629663,1,5.889028185,6.629851193681303,,0
9.442923318356938,4,3.945522855367231,7.300899257068117,,0
4.929847812677663,2,5.512806546308736,5.819563781843486,,0
4.444926340967268,3,3.655262270621197,5.824479701515804,,0
6.916678451655072,2,6.098987807545262,10.0,,0
7.576098173408961,1,3.881671303709412,10.0,,0
6.95,4,2.2039954095253598,9.624492278641917,,0
3.898836849940185,3,2.739788891886635,5.574191241768594,,0
6.8663199407308175,2,2.650004701413328,10.0,,0
5.04,3,3.9438719754640745,10.0,,0
8.004508823245057,4,3.305408917872464,10.0,,0
7.549897369145272,3,4.955789413785228,5.325650653299867,,0
5.590180320508967,2,4.216067160645288,9.23908438878802,,0
6.23,2,6.032364724607492,10.0,,0
5.411179717166572,3,5.7654543683113655,7.416798187875333,,0
6.905981354090242,1,4.3522041089461805,9.902907427649309,,0
8.432713480751858,2,7.484637735209537,7.792725454935878,,0
5.5214109304966845,7,3.147122201088435,6.385400420350203,,0
7.756069773276766,3,7.012887979806569,5.514488839444205,,0
6.204613572441339,3,5.312313661794482,8.326925595559628,,0
5.810690751606484,8,4.211213795664838,4.056458336364677,,0
6.839454460068163,8,7.258843778857166,7.956280599026169,,0
5.447136516370939,1,6.114305489081566,5.584811766298239,,0
6.169526041979227,4,2.848783504787993,8.098775366766837,,0
5.203183161116727,4,5.727961207699294,3.533464706332002,,0
9.947087699374585,10,5.7259687994762185,10.0,,1
7.052895327957593,10,7.014768255915575,10.0,,1
5.950411738011121,2,6.170718480133477,4.3076597627027295,,0
7.320969866101333,1,6.313808845368666,6.758913776,,0
6.831507925463756,9,4.117238983,4.973137578314142,,0
6.668545600700165,4,4.580588556762374,10.0,,0
7.9212500500651375,9,4.495722101777487,9.162702113949656,,0
8.136261565070958,4,1.80260174870298,8.122186452,,0
6.204248278584209,2,7.5733102810956945,3.5783406830219064,,0
6.14,1,2.761676331387105,9.772315797815418,,0
6.587422454272534,1,5.537442789,10.0,,0
3.547118252896623,3,4.337815377752165,6.9843898957649975,,0
4.727213406702171,4,4.523122527536617,9.179633695296513,,0
9.050311401166788,2,6.355084813116612,7.271941132353931,,0
9.467451570251924,3,3.439365478455069,6.323875759552442,,0
6.626445940665432,2,5.913159642272573,3.4316068015679773,,0
7.864835444583649,2,5.932243238499726,5.646120253450468,,0
7.466875231815304,1,3.448810475021044,4.300970542317062,,0
11.618321212682856,4,6.822325755759292,8.961273834,,1
8.679362367151866,1,7.734859148522259,6.1788607037085415,,0
6.81,4,9.049448841632016,10.0,,0
5.566689339099361,4,4.475934906027369,6.049933606498188,,0
4.590330519613641,4,5.382245719503208,8.812422106973559,,0
7.305195453800835,2,5.504377316584867,10.0,,0
5.865473882073545,9,6.331542121674952,5.116772864240756,,0
4.866619435603489,4,8.497079490225287,7.656470216683076,,0
6.03,3,5.973655256222203,5.534266327000703,,0
5.377677994578408,2,6.028119361745839,7.659857311885927,,0
9.530712452608848,4,2.810659447891692,8.279048350224384,,0
8.322459635424176,4,9.097287638333896,10.0,,0
6.988041038025074,3,4.049314914922239,6.4366198500516765,,0
9.22,3,0.0,8.468661991608123,,1
7.116052461471427,4,0.4486063381442902,10.0,,0
5.708073698007604,2,5.650153486370538,3.795486492089641,,0
9.284686115904483,1,2.4537726760431333,10.0,,0
7.8083650655269885,7,5.107570251766541,10.0,,0
5.444130768510315,3,2.0105057547608123,10.0,,0
6.714491982874588,1,5.610082495567399,10.0,,0
5.686572619922864,4,6.1285504212980655,10.0,,0
4.925800403553496,8,5.351673033088948,3.005903602516619,,1
8.389266321297463,3,3.607332110608058,10.0,,0
9.864124960705196,4,6.757124195346629,9.959114172655038,,0
4.902148639271289,1,4.201273017365488,9.186157668792733,,0
7.844453855035856,3,4.623287547048198,5.272303734074373,,0
6.024036146317259,3,3.980607062208229,10.0,,0
6.269311924352956,1,4.4641676372945245,10.0,,0
6.111409113641696,2,8.742497836661173,10.0,,0
5.704013845480276,8,4.990097453076168,4.740676682390816,,0
7.072782441917241,2,2.460746476,7.292519041748971,,0
5.753574825383444,7,3.081499605797449,8.671758482959063,,0
7.405685238669758,4,4.447632426,10.0,,0
6.924642835826295,3,3.410719451219451,8.998172763272603,,0
6.641577929700386,8,6.899318717224878,6.596207674436125,,0
5.638654506937604,3,2.166117049481198,6.171668212,,0
6.134843004147501,1,4.761866432189765,6.930974491504052,,0
8.133086838738635,3,7.021273454858859,6.712678293849514,,0
7.751375781436571,3,3.739812252901154,10.0,,0
5.533667132802173,1,5.8781173217407465,9.844205274825692,,0
7.148998458143839,2,4.919336912804347,6.827958328960255,,0
8.127080685057683,1,4.936890000098674,9.798972725230884,,0
4.495892078317942,4,6.023786489723522,3.272935323657306,,1
7.815040288569903,1,1.2822763919888662,10.0,,0
6.01,10,7.406723967116381,5.290747616133162,,1
7.855898002889739,7,1.2060253790019608,8.912709038,,0
5.855111265186225,2,7.271831858531976,5.268171571838879,,0
4.292676849003222,1,5.868024433,7.494942323399804,,0
4.558686343175256,3,5.946281810831856,7.109720932512082,,0
7.072127419992073,1,8.229129521513855,8.080404000873262,,0
7.389583752582222,1,7.366904054,4.506331613539608,,0
5.643525062343388,2,6.628350206703129,6.322343000288125,,0
7.957888688166061,3,4.410941393168933,5.773163698385489,,0
4.51,4,4.278572560940974,8.837281773746332,,0
6.900880302029025,4,6.682953038933422,3.605939114499324,,0
5.183475700356315,1,5.905694494179638,8.816480968212414,,0
6.022245838296762,4,5.602345885774973,10.0,,0
7.071098006974621,2,4.886108370723215,10.0,,0
5.709379952074071,9,4.184386054905593,6.219090595321401,,0
6.423166683655262,2,2.2200017008394832,6.39584149244924,,0
8.509439213821661,2,6.287114854,7.350121395517783,,0
6.134662195715277,1,4.6366342779836005,9.68358209372514,,0
8.253538168097712,3,4.5066342687099405,10.0,,0
5.305439718013573,7,1.3748817143634589,7.2541007453859025,,1
7.794706266872924,1,5.185402736603118,7.549671419048168,,0
9.16,4,2.273250655874141,10.0,,0
3.292533249809066,2,4.130740434235448,10.0,,0
5.804657116794285,8,6.585405899308469,5.985909728655248,,0
7.87,3,5.126554039820263,9.192019286273023,,0
6.695431920935511,4,4.789240511045686,5.727493347558292,,0
7.556718810056963,4,3.546766600129807,4.913201401483856,,0
6.094022219926269,8,3.9049172071097895,10.0,,0
7.13,4,8.170726744357427,10.0,,0
6.766484146911881,4,6.559471755410579,10.0,,0
8.75,1,4.075804662022598,4.816932005918201,,0
7.381631264951819,4,4.788941282536151,10.0,,0
7.506403993112803,4,5.494667226,7.622438792610278,,0
6.382184550816299,4,5.876166563194424,5.287463511509174,,0
6.27,9,4.951367890451966,10.0,,0
6.351162718270569,3,1.4592429534389493,7.304865443214198,,0
7.591678213567445,4,4.9370414365813335,10.0,,0
6.368523278769605,7,4.815019896973875,7.289285678871131,,0
7.434662285344619,2,9.114598454572691,7.283433347092997,,0
10.113101197968158,10,10.0,5.558402020996636,,1
8.306687055147538,3,6.28432937,6.915587034670896,,0
6.510964701748239,2,3.645744178364253,6.009171901214722,,0
8.801820883245917,2,6.358032152087652,9.333487931248245,,0
6.387886940467673,2,1.6030148366235752,10.0,,0
3.942813197233219,3,3.9346373861712594,4.690610692693008,,0
5.487870533623894,1,1.747230250990954,3.714671027068068,,1
4.193812118461216,8,6.101105895830725,7.015458231691685,,0
6.4727297739380365,2,2.5786578782317973,10.0,,0
7.027627568784328,1,4.426020165079837,6.2345524846776845,,0
9.514655968412924,3,4.911728447663684,8.772301861896446,,0
7.490391060646244,4,4.942141919270477,9.489753612,,0
6.671349206786704,1,4.054258675993306,6.3628196194900815,,0
8.244108371775233,1,5.673432061936127,2.4796521940051544,,1
3.683297036488172,3,2.491524930645208,10.0,,0
7.353421837162849,8,8.478558885545155,7.336305676069369,,0
8.16,7,2.931870007717679,8.327238685100776,,0
4.782120631330238,1,5.079395290363171,9.134900979405812,,0
8.715631064810394,8,6.249926145587169,8.740639307239798,,0
7.507744611241621,4,6.365432161858284,5.288091677974857,,0
6.377068129148798,8,6.550721004,6.614486943,,0
7.949172799159427,8,1.8144670120450048,6.145131243,,0
10.406039286706594,8,3.16521602947344,5.676409432953465,,1
7.272799382587743,1,5.271715699105776,8.074424133531865,,0
7.372330879450504,1,5.962332817,10.0,,0
6.310958650689634,1,7.514256616521949,10.0,,0
5.725233445802813,3,3.971962171617756,8.055575513685174,,0
8.245503724816368,2,3.190012013011734,7.315972976778063,,0
5.715874261136699,4,3.906340587778282,5.418426272892711,,0
7.107349355829089,4,9.518864270197234,9.014772654857524,,0
6.283513829852325,4,8.000856059469285,7.7901733445659715,,0
7.7184697386195875,7,4.661016058385592,9.414171624163073,,0
7.500493157930422,2,7.569607399742495,10.0,,0
8.556309916386848,1,3.8550303869096783,9.673459005420852,,0
6.23,7,6.9090372238529145,10.0,,0
6.595187597059943,3,2.242162580252067,6.916170359964671,,0
5.53185442632654,1,5.712980584,9.605607193929448,,0
6.333560109885832,9,7.038939850058975,10.0,,0
7.5659507395672785,7,4.346733196124823,6.850574851,,0
8.135482924968027,1,6.226831404496746,10.0,,0
5.616752013733562,3,3.876884970452632,6.254762966554134,,0
8.3,2,5.607087294005862,10.0,,0
9.033456788207427,2,4.036911484277901,7.575906946372398,,0
7.620152354835551,2,6.638275628140036,8.773103512153233,,0
9.8151937188371,1,2.4712646876898283,7.044682315729976,,0
5.839316201344641,2,2.969565121774248,10.0,,0
5.133017945032874,3,7.611417806430651,6.874850323432676,,0
4.331919626643582,3,0.081050538,5.197311128250531,,1
9.244066467233775,3,3.7179829129230137,7.638598627950135,,0
7.9815484845310865,3,4.715839495421757,10.0,,0
6.916622993634317,3,5.706015625265868,7.051264494689018,,0
7.419952939479731,1,4.044387051599573,5.937250955348958,,0
5.311766429052435,1,2.748478520159872,10.0,,0
10.66862796942524,7,7.452560826835411,7.785919911711553,,1
7.193831772962842,3,7.106515589327184,10.0,,0
7.164092191907339,1,4.241420372827731,6.761072088,,0
8.088649935848037,2,1.4186579757789586,10.0,,0
7.721513847605069,7,5.612336197528916,6.219128459861207,,0
7.335826036418697,2,5.363501081517192,4.5687083545672325,,0
5.814288316832032,1,3.66588255198861,9.235444634262477,,0
7.707202535703994,4,1.089873914556986,7.842853250213212,,0
9.82,10,4.456891574458958,10.0,,1
9.018130069232466,3,6.533111591916287,6.578750294042509,,0
9.389779939959094,3,6.834334671,7.170301769275552,,0
6.233176485353223,4,4.9116308056466265,7.300220378797879,,0
5.5155927696121285,9,3.753053165819048,10.0,,0
6.811319619850528,9,6.4689269306501735,4.847874408429671,,0
7.083587368433042,4,2.7259792587336427,7.022973122799947,,0
8.641287277706423,4,2.2904229653255683,8.338023063628825,,0
4.461303055427771,1,4.823079108295278,6.407004867973748,,0
9.29,3,8.092894031429854,6.303407592817057,,0
6.762988152131516,3,8.167904333342946,10.0,,0
6.36,2,2.364444324140772,6.325748657464786,,0
5.481843437109749,4,4.125484234,10.0,,0
4.517714992201346,2,9.867791560107085,3.056346593866776,,1
8.234755875942872,8,3.623163356133577,10.0,,0
7.109976950782606,3,8.239478164768627,10.0,,0
5.065058650388419,1,6.952021128787512,4.667187118888929,,0
5.057381841904576,7,7.381716219342547,10.0,,0
6.496322951064808,1,4.108288402333692,5.2143181388558455,,0
9.503532287934089,2,4.167479473,10.0,,0
6.610612972954593,2,3.178767604590867,9.962745840125075,,0
4.7452855703228405,3,6.597662868546968,5.889866783628814,,0
6.631385403871084,8,1.7269826507896338,7.118522302489499,,0
6.590914645378494,4,4.673199098504207,6.952460187119102,,0
2.9546700355876423,2,8.268943797,3.3746637380690205,,1
6.918557700223282,1,6.189080014837898,6.893488646504892,,0
6.653598204686983,1,7.005277064592416,5.023787303442401,,0
8.044309547220127,2,1.7119087276903002,7.119814081272575,,0
9.77343414241802,7,3.0118340110028576,10.0,,1
8.689847544321637,2,7.368312958644654,3.1754571039325032,,1
6.596666964167754,3,5.251564936079291,4.902417447431136,,0
5.340211136887494,4,2.920716522599663,7.681176465530295,,0
10.86003970487479,4,6.252772066200585,7.196229095,,1
7.088827651021733,1,3.93288210449782,4.862151176025961,,0
7.02089393786942,4,10.0,6.141002192979116,,0
6.963812369334995,2,6.198062561,10.0,,0
7.297127141151782,8,3.154776329066367,10.0,,0
6.783459382114087,3,6.762040368111304,5.465168211721166,,0
6.139506989679646,9,8.229536633687491,9.833243932413303,,1
6.179711588139412,3,4.988091245,9.337017579309215,,0
6.950870094676002,1,3.464133706805905,8.868796946886107,,0
6.184862843299353,2,5.088643037333573,10.0,,0
5.930731325984254,4,3.774405927077676,7.467949032931394,,0
7.159645341537845,3,4.483370126852833,8.060423307395064,,0
6.617534173868717,3,2.2223132635410643,4.539123465581751,,0
9.255989482874032,10,6.750429950326772,9.871563180265843,,1
3.023545287410482,10,2.701441878594352,10.0,,1
8.637260277883692,4,6.2163238588644765,7.992542853890204,,0
8.869127788746443,4,4.391799772361702,10.0,,0
3.889914651387776,2,5.445802907510809,10.0,,0
6.485968608879476,4,4.050590982,4.459591889603227,,0
6.442838701006313,4,5.392434222672361,10.0,,0
4.888732457923268,7,5.865296069,9.639663312245895,,0
5.833274968613687,1,4.298272054469088,10.0,,0
5.334136231801256,1,1.5409124052664742,10.0,,0
9.628405665135434,1,5.674030757202746,10.0,,0
8.403517589721192,1,5.781658436398744,5.817461586,,0
8.907332642491237,7,2.134519985138266,10.0,,0
8.082508096064853,1,3.037842435,6.187387216738301,,0
5.306422343174156,7,4.304405279291238,10.0,,0
6.21,4,0.4102746089388667,10.0,,0
7.734061841841877,2,6.415812235320289,6.062692498148466,,0
5.166808286662082,4,4.022389326785829,8.046618938140925,,0
8.069497645258583,4,5.577140950443985,7.316740551923543,,0
6.639511902762798,2,2.8754574613099724,6.506683234692147,,0
6.437768788675604,2,9.034977037194574,6.634935049838641,,0
8.066439952305238,3,2.158821118,10.0,,0
7.67,2,4.003052886031702,10.0,,0
6.46,1,7.398167479410434,10.0,,0
8.738994705046371,2,2.7011690526106045,6.362555627,,0
5.378405008600154,2,5.182036926943258,10.0,,0
7.923903410416395,3,6.2536861223641145,10.0,,0
7.889651886952576,9,1.9870596807355128,5.909228339542604,,1
6.535680341029015,2,3.662689277713303,4.195336156808445,,0
7.489199533363177,4,5.380326388951018,5.176094867,,0
5.123329635422046,1,5.906640999503065,10.0,,0
8.386040528810351,1,3.3554037755212907,9.970850873,,0
6.722646795335517,8,8.681134750276218,7.878464166326201,,0
6.215915469221441,1,5.961887276551072,5.492576712265116,,0
8.573513838755334,3,6.5533044863848815,9.226217849833372,,0
5.943484464185861,2,6.435978283,2.334410611637708,,0
4.89,2,1.8733851916451871,5.5449469629517685,,0
4.665056239714144,1,4.770459865710976,8.379657589585266,,0
7.909014927018459,2,4.96752539607458,4.549484149103269,,0
5.079355971255575,3,4.491281491655375,10.0,,0
9.632191272976549,3,5.414916027196822,7.0896923719810445,,0
3.877105888174417,1,0.7854034105258814,9.178546592613849,,1
9.544684552435058,2,5.256171776419929,5.471470166833132,,0
7.316526200803928,4,4.393369051349737,9.492580857408358,,0
6.854930332194411,2,0.7679177673358089,4.047138708,,1
6.182621369786576,3,5.8448456443552725,4.456460425328271,,0
7.598704171528106,3,2.637607450987243,10.0,,0
6.943547946362727,3,4.238957508825023,6.858294406091687,,0
8.654952823024782,4,4.491200861,10.0,,0
7.17,10,1.3076212510858554,10.0,,1
7.225452642192816,1,1.5313013320223612,5.606864580376688,,0
6.454581681679216,3,6.090751174,6.673786960926604,,0
6.914581564418399,1,3.792363683558431,9.976283913747626,,0
7.461702653338088,3,4.214186764587686,10.0,,0
4.434747411015062,3,5.145683209271334,10.0,,0
4.977721866841431,9,1.4835679935909156,7.984265992452131,,1
8.114896141034073,9,4.184589127539554,10.0,,0
7.256298157191913,3,4.7787618429023695,4.461706979675469,,0
6.724024995470981,3,8.529070248156323,10.0,,0
7.03,4,3.159416698671729,10.0,,0
7.521372558042507,2,6.577759162248423,4.685158287136864,,0
6.190360479535958,7,4.996410804632832,7.852992209,,0
5.832542911896531,3,2.7288198405567523,6.341077358486981,,0
7.293767882646522,3,3.734117606502218,5.756427948657793,,0
5.532440833577452,2,6.732528723255445,8.742222472518378,,0
7.612379133571707,9,6.553990973195507,6.808960607015742,,0
4.45,4,3.959440679486248,5.736488524560374,,0
8.543733455988466,2,5.687449427775491,5.605910339106391,,0
7.708896223619565,9,2.92597060643328,10.0,,0
7.384044601470814,1,4.646883893567469,9.559208283,,0
8.474036475918272,1,4.140813750483391,7.408975601948293,,0
9.498211666693866,3,6.863554531050255,4.145604327734584,,0
8.521555097527196,9,5.925685158139541,10.0,,0
4.238688653002532,2,3.647865533260758,10.0,,0
5.080634549896448,7,3.847013326143019,5.561065813556596,,0
6.062772133456482,2,4.9419000949706735,4.847002175247539,,0
7.039136575316251,2,4.6774263326515975,5.087086818422019,,0
7.776488530703684,1,4.4409530065921015,8.327556700184262,,0
5.911384280269802,7,4.296090541488547,8.232802733152594,,0
7.280150146715617,4,7.758373958769582,10.0,,0
5.866925601470016,3,4.0961594338029865,8.538266428132612,,0
6.082723295512078,2,5.599962405525154,10.0,,0
4.890008354727667,7,9.84533775107804,5.9324145369393095,,1
5.615150130833643,2,3.307022139950244,7.719007479902145,,0
4.97,3,5.385434686979466,7.966945983134923,,0
5.536190120534001,4,5.488929486702487,5.667989151266002,,0
8.580462694911759,1,4.977805895787633,7.694790394352096,,0
5.5759016667520855,1,5.0822129681602375,9.125033124471935,,0
10.948573097256087,9,3.2420309385454305,7.780493896,,1
7.739976851321334,4,5.717688765187601,7.228938732492501,,0
7.2772541855423105,4,1.3255295704205774,9.587756013414095,,0
5.71246332972818,1,8.595674535642004,10.0,,0
8.050464819113486,2,8.426078566167444,7.261662639016475,,0
6.136543260643339,3,4.341536333686057,10.0,,0
7.183014721968042,4,7.103503399918754,8.043788433581296,,0
10.840126807403191,2,4.413261769406016,10.0,,0
6.855910150413025,1,5.019620056542913,9.556819882423786,,0
8.723909989428513,8,3.638129222101177,10.0,,0
5.945235362311169,3,6.639544069503078,5.565779565237589,,0
6.947517264254557,1,3.837422086951176,8.680602912,,0
9.656200953453263,9,6.570309715899464,10.0,,1
6.059549413318349,9,4.915912464071379,7.732668413873641,,0
9.718672836995394,1,4.965507423378008,7.821385453311374,,0
8.061627903183213,8,2.0173554309432,6.334030084,,0
6.156299836158599,4,5.119704061188658,5.892354175960143,,0
7.948611608583281,7,2.708317720644369,10.0,,0
8.458831674440095,2,5.123188883167377,7.129882943596728,,0
7.932714943325795,1,8.879536526,5.839030440192749,,0
4.644662920164315,1,2.2208928417658798,10.0,,0
5.9092942362626975,1,4.70618915,6.0326471610642205,,0
6.628722046672743,3,3.729004518399715,8.279682686506792,,0
6.89,2,2.9193634045093497,6.705278675,,0
7.931008146326016,3,3.4175170452052472,10.0,,0
7.26655150139988,3,7.941645745395881,10.0,,0
4.996983461934848,1,8.472972007683929,10.0,,0
7.570296776508945,2,2.907310130487568,8.541009587317273,,0
7.915878617925735,8,5.801818429243821,10.0,,0
7.84,1,3.162013372887504,6.458101682019382,,0
8.621171088331932,1,3.64335256121854,5.74718937,,0
8.250883231823355,1,0.9015365609309444,6.196527070264858,,0
7.688770118842655,2,9.263656935598055,10.0,,0
6.894751432812029,4,7.196637133907387,7.376130046675424,,0
4.508558599726013,4,3.6966301523503393,8.400002219401852,,0
7.644427328698879,3,5.569678602,4.088538361542328,,0
7.311531530744666,2,4.200036679983445,7.575717440124767,,0
7.40736825579306,1,6.891904282071761,9.845378517659215,,0
5.084877136269536,8,4.317487959357415,7.219198102366082,,0
5.378415189387606,3,4.610450717600169,10.0,,0
8.579729279999356,2,3.675893555618545,7.830217338665399,,0
6.940667269215018,3,6.207786024723221,10.0,,0
8.022251046058937,3,9.418656708928133,10.0,,0
7.042477564195692,2,4.431481890859064,6.9235580231469145,,0
7.044634209243617,3,4.408540258258394,5.333048425804094,,0
8.407425708963997,3,4.949718804908271,9.179467026680294,,0
6.225932907673939,1,5.520417987917589,8.943047156,,0
7.144181165411475,3,4.40204579,8.922914169417297,,0
6.306587066942436,3,4.215477286,7.392483176513794,,0
6.348255658851526,10,5.165048283,10.0,,0
6.536241814797041,4,1.4978628288754463,10.0,,0
7.333200657450569,2,3.905198114475436,7.316068629019078,,0
6.281877067504784,4,0.9980136696691444,9.05989733912588,,0
8.883634188360281,4,4.014656323,6.409705205523403,,0
5.658089046670744,8,3.1034796827839086,9.35013649130244,,0
6.719692533757962,1,6.253963329593667,6.145358904768124,,0
6.340403412588738,1,3.5295712431949324,10.0,,0
9.17,3,4.268974727438458,6.647999563,,0
7.294832164767362,3,0.7042996873485334,7.997684633729762,,0
8.547766809202953,10,7.044791006950359,6.416296691801088,,1
4.771659440444542,1,2.827200226796762,10.0,,0
7.400575398803888,4,4.0346582561160425,10.0,,0
8.334446193435156,2,6.556193930296379,6.663373340771368,,0
7.123425983913136,3,6.563686626487144,9.852499435003285,,0
8.598220562598026,1,2.778382752488912,10.0,,0
6.224067324849441,1,6.053892438,6.606365722223431,,0
9.11,3,2.7025427435814,7.138972238751671,,0
10.448347185428876,9,5.46462009,8.126526370472156,,1
6.455742159340511,1,3.431485628058791,7.705942443726737,,0
6.331746217898842,3,2.969774927437391,10.0,,0
9.180076715676552,4,5.070497514796904,6.065400811219204,,0
9.37,2,3.5529706046364087,10.0,,0
6.2157099592700975,2,9.037160649223042,6.162957243,,0
6.369719774356215,9,3.764446767772478,7.566508782030158,,0
6.577323086709239,8,2.6160870267098506,8.735206218935232,,0
4.9833242334485846,3,3.202283655784756,7.3938478,,0
5.622022080273703,1,4.965238534156719,6.614680080843245,,0
5.493788849871898,4,5.223968646376244,3.190297210202384,,0
5.848303652343807,1,5.619043499130791,8.172631632841224,,0
6.947972668919828,8,6.823017973770393,7.059044209521103,,0
7.351322098804781,1,1.658191131631236,10.0,,0
9.325750739221116,2,6.914324880444803,5.274307860401012,,0
5.5024689388918135,7,3.172193072007941,3.8936419482014513,,1
8.476483597714875,2,5.803305847439274,5.7049799837128266,,0
6.6790167336617365,10,8.442208193206401,10.0,,1
6.925804435521351,1,3.403475583521745,9.937891431775258,,0
8.012229238249905,4,3.3206455076476264,9.696477003033984,,0
5.315916967656552,9,2.951434767808196,6.208236277297908,,0
7.573614619276076,4,4.3240241494282365,6.917670138856475,,0
7.249678312319584,1,7.53075728197201,10.0,,0
7.738676896012223,7,2.771392830736935,10.0,,0
7.433752965861727,9,4.012493216276869,6.646975201410414,,0
10.68295020986634,2,6.951477889550881,10.0,,0
6.043390023623026,1,6.2479026357531975,6.0363195120718105,,0
6.203504567497274,2,4.000568656668587,10.0,,0
6.065289210362853,1,4.578161179405043,5.373384455634883,,0
6.166784321259618,2,6.831706116628165,7.809141751073573,,0
6.043919309040224,3,8.163527406,6.002226093,,0
8.783524796661327,4,8.402024821073448,10.0,,0
9.130756371984782,3,7.759603106375826,10.0,,0
6.143880559375786,1,3.65988062826932,9.884240357426002,,0
5.751466640343657,3,8.637255544071136,7.856504074976799,,0
7.707123334579606,1,3.522247007288775,10.0,,0
6.171665433578543,3,1.6977390527378238,4.924161307056465,,0
7.949397726633266,1,5.224723071487709,6.991348662056525,,0
7.304384531276949,7,7.9524330360594675,6.219209875620518,,0
4.7263838275041525,2,6.327249436642461,10.0,,0
9.321257801995092,10,4.852578971739749,8.682613632526937,,1
9.693816509643282,7,5.582726231967543,10.0,,0
6.080816964273421,4,6.064264015671989,9.071268133907775,,0
6.418447660096024,1,5.2951345891097885,5.5104697162934535,,0
7.428798086087357,3,4.4092852946236105,6.612353096647054,,0
7.501685184980538,8,3.5185107622219105,6.778337943876723,,0
7.987816409009246,1,5.224643737272223,7.001646347412696,,0
10.015306808149523,3,4.754899138162074,6.576057887764628,,0
6.734579158758926,9,5.007214707,5.417255709,,0
5.802554133192319,3,7.091988913918032,10.0,,0
4.9310211579782095,4,4.504724490351361,10.0,,0
5.9036049400871216,3,4.583737834910992,7.957170572514967,,0
6.950309540689305,9,5.379821798878295,7.228086272262611,,0
9.691836795276682,4,10.0,6.177263872048214,,1
6.223583051445743,3,2.816207235915621,10.0,,0
7.335681927458348,3,7.183752012494997,10.0,,0
6.975365655890872,3,4.402013303654484,5.112660846323999,,0
8.782589910172126,7,4.878023627,5.954006555592253,,0
10.790398638810434,1,2.375671740289208,10.0,,1
6.203696840619519,8,8.760925700296362,8.985425612510326,,0
6.265840836222667,7,5.445071682278979,5.048230352257913,,0
8.566241315603609,4,6.317654489586404,8.551160228940777,,0
8.022837234439468,1,2.002350172209276,9.439427268,,0
9.770060988604053,3,3.7154630173782746,8.237133179026348,,0
7.875892277988946,3,5.824952678,10.0,,0
6.461061863819411,2,4.678044586270457,9.79964292673228,,0
7.885982246038464,2,5.893357872939787,7.827224647978856,,0
8.663055370874362,7,9.205700042281377,10.0,,1
8.230723271796046,1,6.0092264046393264,7.579308516,,0
7.760911046660946,2,4.102509806260144,10.0,,0
8.600012034383731,3,3.697278336614083,8.429510015540613,,0
8.75,2,3.469308064,10.0,,0
9.07,2,4.144719593632828,10.0,,0
7.973064831384464,2,4.229038280339651,1.9389977761790465,,1
6.749322879524718,4,5.237830132749122,10.0,,0
7.220070529649984,7,6.056646913042127,10.0,,0
8.809763449762535,1,5.870907915605566,10.0,,0
5.774596493519146,9,5.264223466,5.249845089760855,,0
7.553009963309352,7,5.402331176623032,10.0,,0
6.409991781508959,2,10.0,10.0,,0
7.043117234402226,4,3.555137400114643,7.121328287561209,,0
8.917677793910947,3,4.926293825004778,10.0,,0
7.286648602029855,3,1.42944846,6.619263313878413,,0
7.069654822234223,8,4.234172828862075,4.462976001120731,,0
4.960215788530121,1,3.2023982585534734,7.883570243036152,,0
8.119380349040831,4,3.5402880361232567,9.680318412326049,,0
7.968226271711613,1,2.628471303021141,10.0,,0
10.24488208495819,4,2.2957573588472893,6.684774571,,0
6.538332647570499,4,5.244618381975852,10.0,,0
7.328725491495908,3,6.420666173350955,4.888445346264067,,0
7.374075525566133,2,3.456938597690682,5.786317682616479,,0
9.366179919645212,1,0.9444641536700268,5.448378367596522,,1
6.857056701419572,2,5.222172835393898,8.108457032111739,,0
7.418532288655509,2,5.938917657730085,10.0,,0
7.911844764574809,1,6.347460976551037,9.724482466116983,,0
7.279913684734537,1,2.957463865,10.0,,0
6.330349578174207,1,3.788172056751237,5.288015801,,0
7.291134989347461,9,2.780254043022362,5.946377151663372,,0
8.610447624789657,3,3.521458258753046,9.061919920651375,,0
5.460227050883409,1,3.420461093569367,6.313407134287483,,0
7.199454511220314,1,3.980432966657925,6.301620832081212,,0
5.95,3,4.497126495053012,8.172610647,,0
8.792569943387264,1,5.2293623185130205,8.037412407838206,,0
4.715219642824338,1,3.3089532168292437,9.937076612583862,,0
6.161617229092617,1,4.720526235652458,7.068934222065206,,0
7.565817812596781,3,3.1863493397961564,5.811853989394878,,0
9.35,2,1.489560051198092,9.797977072268807,,0
6.901374608390518,4,6.081222407923905,4.2973041676312205,,0
6.167200709960202,10,3.674392056721433,10.0,,0
9.821735604160883,9,1.5338167696882905,10.0,,1
4.8279791493756345,3,6.121012460283138,5.411413325251657,,0
3.701791065069877,4,4.498364464786585,10.0,,0
7.6600216750799985,2,5.905622786610142,6.764677715953732,,0
6.246918663471083,1,5.836728986354707,2.217001707145653,,1
5.47,4,2.8112969937312333,8.835769412309332,,0
8.06,2,6.860964901847051,6.019572323,,0
7.365701070656798,9,1.3345875740868505,10.0,,1
6.153882053894908,3,4.205667652287516,10.0,,0
5.079543401993659,2,4.073234583904543,10.0,,0
8.308685992420218,2,3.446775838717183,9.331605879260657,,0
7.975301766937991,8,7.452124067289902,7.194459690699038,,0
6.851236204330926,1,5.602495786037107,10.0,,0
9.77,2,2.1837433642988957,6.448196129370128,,0
5.394872850510771,3,2.4731029505043223,9.20935292710072,,0
4.711712243612892,1,9.308454816210704,7.102539113216218,,1
5.962137895178134,2,4.046266394553061,6.438608766127896,,0
6.931620975466753,2,3.407902299931531,8.427631687,,0
7.365009173984037,4,7.312912975534535,10.0,,0
6.638145913215505,1,1.445783957224887,10.0,,0
7.528083094771445,1,7.77402079,4.597584142881331,,0
5.122690863714334,10,3.4042788622765423,4.589535371059212,,1
9.165646906109888,1,6.029788216131851,6.436221598865062,,0
6.876773232411146,2,4.042207541,10.0,,0
8.675943747382192,2,1.8512732853528568,4.228845554981638,,0
7.5140880195665565,4,5.356935134914125,9.435641053914257,,0
7.685129828730676,9,6.895592557665806,5.396611701342397,,0
7.8546509203483055,1,0.3031887423881603,9.270655310732472,,1
7.671562840025972,2,2.6885174527980173,8.919243841754732,,0
7.964084139801316,10,7.475788402484717,10.0,,1
8.993728795198647,1,5.795248186744741,7.362089368532365,,0
7.294781754552205,9,5.927998258099704,9.598488700671725,,0
8.063505636382768,1,6.861769743,7.785624702168989,,0
6.87,1,5.935702338640031,8.376626135003395,,0
9.16,2,5.294938071165831,10.0,,0
5.985411546911095,1,7.2322820258618705,4.729243037326086,,0
9.701410649366224,1,4.219785032380638,10.0,,0
6.939763074033485,4,4.966845549,10.0,,0
4.853837346822928,10,6.651711159240259,3.90538291257282,,1
7.192156622366184,1,3.4702605300206004,9.147093073540034,,0
5.978422513787679,3,7.849787353277664,5.891971461337607,,0
8.260965323483086,1,5.5826889222283125,10.0,,0
6.021064031046413,3,2.7022138638796207,9.031774097845624,,0
6.33,9,4.612829847,4.570961954305164,,0
4.165688903581703,1,2.228426687189619,6.548455915035947,,1
6.321540521126385,3,5.171791891298969,10.0,,0
3.364181010056565,3,4.242391051831895,10.0,,0
4.624145764771415,8,3.270590142880064,6.934244505,,1
8.140621984216446,1,1.439726504208307,10.0,,0
8.178700237976248,1,3.416444446963988,8.357255817,,0
7.638186342677447,10,4.638800610477744,6.1758005628443575,,0
5.549535785306181,3,4.255998118969801,10.0,,0
6.93,3,2.159692395812854,8.389285987263351,,0
6.994596191364147,3,5.042828128989758,7.860865524563632,,0
5.262452966211185,7,3.028932316801616,8.947443613122577,,0
9.255097452650729,9,6.843780109631265,10.0,,0
8.316043435863508,1,7.138258872148599,10.0,,0
6.668553739255504,9,4.485843071732357,8.252336029499483,,0
7.040328758491796,1,8.152251915,3.7251066909716553,,0
7.312574211921329,3,4.718072929374999,7.3454138594763645,,0
3.937397697363564,2,2.3990191921995625,7.045222365395057,,0
6.629233926219104,9,7.370455388171813,5.364888391424397,,0
5.977023628003302,3,8.228229032188558,10.0,,0
5.497569985157627,4,6.989244838549992,8.178948389709404,,0
6.578349560671068,4,3.472302674532082,7.979045521825593,,0
9.696529790274283,9,2.529273449253417,6.561183672001084,,1
7.961264291900514,9,4.299407775911996,8.008389541692491,,0
6.143231515325805,10,9.952812462770527,10.0,,1
7.858874172034238,4,2.646237359136889,7.400243202347202,,0
9.099033154879002,3,6.641510221727319,8.745981980620469,,0
8.386950524369153,2,4.814930612276279,8.275258919261843,,0
7.089445554880261,1,6.888304382846163,5.189019771,,0
6.029594833441639,2,2.4800234315940477,3.3091848406290114,,0
8.047334970420385,3,4.500997200240845,7.167999380562585,,0
7.590228078132625,3,3.203900649789492,10.0,,0
8.342789830041598,3,3.3176982417714296,8.860312388053671,,0
7.952757702522954,2,6.4732860799319285,8.323217940244062,,0
8.574329072979003,4,2.7619072435023155,7.378226311982783,,0
6.197147182659148,1,5.579738587085128,10.0,,0
8.976091098451489,2,5.1115510302201725,8.089935886024604,,0
7.296399407038599,4,3.092389506882693,4.391766821896527,,0
10.1128913089379,10,3.5245578846171792,8.816008437674148,,1
5.966218272865648,1,5.667864974060973,7.221331916349394,,0
9.603945704747874,4,4.9497271061691865,10.0,,0
7.296866175193972,7,5.076588974504092,4.690419556137214,,0
6.022872994578328,4,4.534795937,10.0,,0
6.274171248918518,8,4.405353576490837,6.9205683754017855,,0
6.519479037708519,4,4.956875764222599,7.4859518613746845,,0
7.636248919602875,1,7.878404528638858,10.0,,0
7.784253232053249,9,6.058165963459521,5.916988392,,0
6.139449994092131,3,4.738220987393772,7.564897799204976,,0
6.963468111608526,2,2.836316743253093,6.338693658515216,,0
10.213405537917795,1,4.161939531690616,10.0,,0
9.591314755151068,3,3.159511938196744,7.997590171229874,,0
7.654485504511048,1,3.406827425,10.0,,0
7.057005217252301,1,1.2591048540473269,7.113396196417855,,0
7.180046990077392,7,4.977415554468022,10.0,,0
7.9202769590956255,1,9.135454278601992,7.025249881188714,,0
5.465811152202392,10,5.392337996932427,9.47369876051562,,1
6.613935193864982,4,6.454814269988384,8.809089897698009,,0
4.497123889183616,3,6.919596924146831,10.0,,0
7.598834683907919,2,4.4266031069480425,6.323546415264362,,0
7.970793909554112,1,4.560496628284772,7.235513308507934,,0
6.275220306550939,4,2.2066665286259486,8.050302341300538,,0
9.360980144935048,1,5.393829604814089,5.466768206695375,,0
5.161351505496488,2,5.111778559079998,4.880875886813824,,0
4.8,3,3.287631091910108,10.0,,0
7.336677727839958,4,7.297086030046406,10.0,,0
8.570647453918232,2,3.4467296801160137,7.842410403470986,,0
9.525891537186803,1,10.0,10.0,,1
6.31,1,5.806892580024597,7.392627152000174,,0
8.618021250146944,3,4.956253724910637,7.829302561,,0
6.94223729574894,2,8.877884261271427,8.264905003,,0
6.74,7,0.4339287554095481,8.706864212749963,,1
8.325489906230008,8,4.427556304280547,10.0,,0
7.978484317620129,3,4.132905655849213,6.072109074125431,,0
4.635411764523626,1,4.637726474014635,8.242771524448958,,0
9.214810524588843,1,5.452246077096543,5.993674514018643,,0
9.070137031221178,7,4.578844076926098,4.301492329832878,,1
6.061655947735706,4,7.802004112898313,5.00047524364564,,0
7.593705300156113,2,5.870746934535956,10.0,,0
7.7410452794241085,10,5.967978929279946,10.0,,0
7.391010648735861,4,5.924691631745547,10.0,,0
6.174542269231869,4,2.423199732914946,6.166384193174474,,0
5.992564948092923,2,5.403932285,6.013106616373691,,0
6.961668893512832,3,5.472933351862087,5.799655147573012,,0
8.759093528889046,3,2.7513851873572928,7.474486669666395,,0
7.815400231891648,3,6.77199995,7.647108222794532,,0
6.444078501870841,4,0.9251726932926864,10.0,,0
8.157548065972517,2,10.0,6.836156457004751,,0
2.727186069054887,3,4.924942069748714,3.716055770892552,,1
8.723148550558156,4,3.289096576462199,5.722256639608383,,0
4.39,4,6.235456484201992,4.222358280080844,,0
6.456338587895302,4,6.252307427646366,7.682866594712738,,0
5.320495158060784,1,9.092228395336864,10.0,,0
5.0579777864186415,4,8.564352431336486,5.602313788,,0
8.741240181067779,2,2.3403343390871845,10.0,,0
6.298448198032163,2,4.459908110887925,6.617776863884772,,0
7.519755822596074,2,3.180691303958703,7.024026692,,0
6.929619131681224,3,6.4843103485563445,6.712575087686034,,0
7.715561240834682,2,7.8300115056480895,10.0,,0
7.115232836590383,1,2.3668292281939487,10.0,,0
5.075511663717146,3,4.873590931095525,2.998082720110704,,0
8.49,1,3.736270790370656,9.771544993179106,,0
6.259365125258031,3,6.688879896505775,5.851304948864855,,0
4.665127152010373,3,5.8189709157671965,6.775158376,,0
6.357827258551131,4,7.351628446831269,10.0,,0
9.251139685951468,1,4.157874500837981,9.477896405558525,,0
8.275332613170239,7,4.766701506221887,9.026021906395494,,0
6.477021798388211,4,5.788229948829219,3.505329993467251,,0
6.476113443522356,2,4.457899660928246,5.052190878,,0
6.517547423173927,2,5.5980030724326975,7.589069085588136,,0
10.11512197534126,2,7.540296843932892,6.356442838597513,,0
7.57,2,9.267194559081624,10.0,,0
7.645062470786605,4,4.023338441311904,9.615503294803224,,0
8.545425181047763,2,9.295066266,4.928225688438739,,0
7.36,7,3.9954146598458458,10.0,,0
6.611436781268945,9,6.737853124569011,8.127399415629707,,0
6.705475226372533,4,4.0112078638344695,5.881574750721439,,0
6.892598110878904,1,2.9408142794870837,7.444917413,,0
6.944166645235238,2,7.445452020170528,5.895001518702951,,0
8.091444315455469,2,4.901700425,6.563314418057387,,0
7.077918828710949,4,7.567996666830253,7.182946093491818,,0
8.098960115823369,1,6.504028092123488,7.880370975474831,,0
6.878925129837127,1,5.8222282826279566,10.0,,0
7.117952785474136,10,6.102311950516449,5.088082954735037,,1
4.002698973201839,1,7.177287087,1.992381236513142,,1
8.374491512053723,1,6.852896293649971,6.372202567700655,,0
7.519732713846989,1,4.190940472904381,9.296715669381552,,0
8.497015164789477,1,5.845868863690406,6.006718899719802,,0
2.6556169327094663,4,8.001230774270038,9.829726598,,1
10.132562057171093,4,5.090580894589734,6.8898836863656765,,0
6.790615557767239,1,4.011814667447937,7.609208607591312,,0
8.662274225106275,4,3.757233106504529,8.759554643748062,,0
5.440141109311703,3,6.698308608160413,3.895448661382251,,0
7.919160857593854,1,4.519149730699292,6.808292825741335,,0
5.419876655239516,1,5.724470079109969,4.914493096401152,,0
6.064346558956292,1,4.423872220259664,7.870188916112545,,0
9.87,1,7.347891315402786,7.849275057222046,,0
6.71,3,5.300432828506997,5.217048011975025,,0
7.326149309769584,1,7.856338532466571,10.0,,0
8.305101596033131,4,7.783088166696169,5.386711400103518,,0
7.743522831958907,1,4.823710162071165,10.0,,0
7.225628357715364,4,7.666687855,10.0,,0
7.547441503699338,1,4.32446177,6.869704492438503,,0
10.605123377857414,9,5.532293952904399,7.032726494602382,,1
6.913571804449622,4,3.4405851148717157,6.965373787510352,,0
7.301648570072452,4,6.187110277680235,8.200710368,,0
8.575981594011418,3,5.602592698631477,7.527972027226812,,0
8.658288899436975,1,6.028397796728365,10.0,,0
8.78,1,2.279744763183426,10.0,,0
7.958095333043777,10,1.0212882658821032,10.0,,1
5.285492630904274,1,2.734738177380164,5.261129377790707,,0
9.450147298451643,4,5.998237296254472,6.330682646,,0
5.280481910471968,3,6.346906216631895,10.0,,0
7.453953197858549,1,7.258673584326198,7.969576953368867,,0
5.868586224970963,2,4.190977665361773,3.663976259934355,,0
6.903792480110512,1,5.417284036,10.0,,0
7.493143615455221,10,3.597947532506028,8.034652479,,1
7.482035823175409,8,7.734793628,10.0,,0
7.632881131352927,3,3.5813015083463178,9.584778315946531,,0
9.420566903587972,4,7.357057072017415,7.336624299260188,,0
7.68,9,4.497375659519016,10.0,,0
6.633765047064027,1,8.150491213538192,5.855219673617171,,0
8.446130752432536,2,5.365915326785445,6.292756919085556,,0
8.784205733386962,7,5.322174737854363,5.985876803226038,,0
5.158588277294511,1,3.491839770533582,5.910237331855415,,0
7.896100104774787,9,9.334034144969172,6.468532260516316,,1
8.051759113466348,2,6.981631555,6.817431230852227,,0
6.553654744960012,9,6.023912419102228,6.422147628481424,,0
9.063560219967428,2,5.47910924279272,8.935424434238564,,0
6.77,4,3.678533695216268,10.0,,0
7.188364680207314,8,6.346542089920298,10.0,,0
6.740392263574195,3,4.866594749068552,5.406725265625351,,0
7.023368571372202,2,5.115040845933273,6.251504733830984,,0
5.355587369657197,1,6.781941049013881,6.791663920715961,,0
4.839923676108558,2,5.568905315256662,4.162545931852309,,0
9.391757594837458,2,5.036301532321559,10.0,,0
5.729557977522508,2,7.871296570837335,7.829629151779046,,0
5.512911475815539,2,3.3622593608771982,4.494040835547663,,0
3.769914829594428,4,1.6902464222919047,5.711408640641974,,1
6.041557378465747,2,3.4080045667612917,7.097460811009443,,0
5.015365309888752,4,5.304083621530549,8.251023160830439,,0
9.463022740204554,1,6.389100208007289,6.545151987210221,,0
8.514725634013951,3,3.511772069787711,10.0,,0
5.9677744822334144,8,10.0,10.0,,1
10.378653708016463,2,5.364321909,9.198602146932863,,0
8.47,1,5.303563136813388,7.406658367266306,,0
6.512752924737066,1,2.420730984329445,10.0,,0
3.2508914276896403,3,2.114402597701877,8.591542387490062,,1
10.436413858886112,1,1.43380907072262,6.498883811198064,,1
4.915641299854606,4,7.742838003808397,5.665824558812787,,0
4.531901879564662,9,7.424901902,10.0,,1
8.53,1,4.997094802444288,10.0,,0
10.659628609508909,4,2.5701767104325044,10.0,,0
9.076409227765778,3,4.444949977720181,10.0,,0
7.85,1,7.84287635,10.0,,0
7.892131512497929,10,3.991690232892775,10.0,,0
8.280123338170462,3,3.195914437400977,6.340899365303342,,0
8.138392884680147,4,4.237999544,9.947601485,,0
7.421787135954064,2,4.414278101,10.0,,0
7.156301655927814,2,6.476173591808756,10.0,,0
6.9061103081507165,3,0.5855375896479522,8.844042822564289,,0
5.869053116699986,1,5.338658221327751,5.320480256060216,,0
6.578987384699839,4,3.606371519152664,10.0,,0
4.460564778706922,7,3.9289160334658058,10.0,,0
6.852490559807875,3,6.508919446660607,5.556346202261767,,0
5.517113339273624,2,2.396384530539307,5.604272300326585,,0
5.344616024176344,1,5.359860623622677,5.278335141531203,,0
7.269841226730218,4,5.9625489092994375,5.156589213742921,,0
9.0880034295169,4,6.159214700275864,5.2074462324853625,,0
8.38,3,6.4137335674830975,8.680836531,,0
4.644249094565234,4,6.143810023596496,7.714535917682827,,0
5.515557795144494,2,6.438531708262502,7.777867665488829,,0
8.411156781982324,1,3.238395338274234,8.955189172286483,,0
5.526268909692536,3,7.731347368954273,10.0,,0
6.663050275004463,4,2.6308726258018797,6.041796602445388,,0
7.825078148536828,2,5.740688978898636,4.901189947203262,,0
5.547483317704547,2,3.638216853560232,10.0,,0
7.16,8,1.5643725358306897,7.002419212056132,,0
4.998961757622693,8,3.859780297999008,10.0,,0
6.097948534073179,3,4.763099887069101,9.823914837622644,,0
7.479672901213806,4,7.773817668119353,8.669796064676124,,0
4.610509399702496,4,8.639345142611086,10.0,,0
7.660712106940599,4,4.740718581508791,7.710926875298171,,0
6.970543301609978,8,2.221942358793638,5.779311875235575,,0
7.828734931625721,3,2.387758482270493,10.0,,0
7.335871201096992,4,6.543738625484686,7.471937855390771,,0
9.046210644960766,2,6.416314511615653,10.0,,0
7.187836753971861,9,3.7852647637532497,5.498980847186361,,0
6.355891688312121,10,2.651544140435275,7.630665388497275,,1
7.183446254548426,8,6.984549458879743,6.8541798395215805,,0
7.814947043554582,10,2.544021633438817,8.885278336132188,,1
7.073290105488557,1,4.111375618326169,7.364025923252082,,0
7.060887536805824,3,5.946984870840054,6.051811592806685,,0
5.947012468289866,2,0.998189103,10.0,,0
6.0056486236735775,3,6.906696510472123,3.220770826923424,,0
4.9,4,9.760562740457338,9.78465417959344,,1
9.62,1,5.227777643729659,9.625935945,,0
5.1342051469130725,3,4.930694779272676,9.283939628655682,,0
5.960642203306139,8,5.088650869,10.0,,0
5.922389101646203,4,5.449698777410599,3.44802207840728,,0
8.342386565416662,3,3.540053209846572,7.975197329,,0
6.557575482561958,1,2.751334682881034,10.0,,0
8.871613109010601,2,4.2937816951331165,6.391798114479976,,0
5.9897640636341976,4,5.307203839730648,10.0,,0
7.418491243335703,7,3.003179119926701,8.892304346775168,,0
5.746979420110364,2,2.306782746221188,6.094032507574217,,0
10.217723691660083,2,4.119159744851312,6.785446035069384,,0
5.218602371455731,9,2.333177227726323,10.0,,1
7.464731065340541,1,6.343593890372496,5.519126694727018,,0
7.950665321398148,4,0.0,10.0,,0
7.620698646177248,8,2.6637321516152928,10.0,,0
6.722068511683437,7,7.827059610191694,4.909695876358658,,0
6.805268950399861,7,4.556563012376435,5.941994173231979,,0
7.065717207968665,9,5.367858652543193,10.0,,0
6.779496997557267,3,4.742160583987619,5.872065745573491,,0
8.445818675192365,2,3.745363359093912,10.0,,0
10.315784502387029,1,7.190386199171057,8.060451345269097,,0
6.16,1,3.856276768813591,8.167805489485275,,0
4.945295530631383,4,3.343036880425976,10.0,,0
6.8675769274731175,9,6.3135239567450245,7.480835253,,0
10.86956400648148,2,1.1386955305309594,8.529081986640504,,1
5.794488148045404,8,4.429152958089568,8.412838491312003,,0
9.46,4,3.962085834713045,7.548711477,,0
9.52,1,4.391690701757597,8.016828607239676,,0
6.169617637438008,3,4.023232460889181,10.0,,0
7.853474618777913,10,5.750175143467693,5.739167741698089,,0
9.442594934692806,3,7.199372440079925,8.183783656728238,,0
6.43,2,5.918673849571295,10.0,,0
6.694629459846458,2,4.326172764264632,2.982765504069419,,0
6.127478629077034,3,6.262866850414387,6.889075894974575,,0
5.4778649039607,7,6.497182596501132,10.0,,0
6.026083682400989,3,5.721857445980291,9.878000845567634,,0
5.164089599856615,4,7.097299788947078,5.918971185706544,,0
7.051125202388839,1,0.3052087071732297,9.418227763368533,,0
5.845040153412038,3,5.053528795504478,5.854994624751554,,0
7.350678867686121,4,5.615706887253405,8.735798610219115,,0
4.666156530694559,3,2.0375285767180715,9.818894112906746,,0
7.496320348321685,2,5.441542436843396,7.789269987796392,,0
8.250293442413387,7,6.829901317078498,6.044684080024266,,0
4.009396536142817,4,4.552250497637266,3.2506477551219746,,1
7.561084854771358,2,6.313078764272053,4.750199377159549,,0
8.841503488709938,4,7.045506657341294,10.0,,0
5.185538471963191,9,7.684927544325296,4.998035632,,1
9.508858580256554,9,7.324307761711053,8.007330846772772,,1
7.6285285140490675,8,7.73121353250137,5.879888020965533,,0
5.942482216362387,7,4.000904928901584,3.5485207313300866,,1
6.916346383513441,7,4.219735295776638,9.229319140069103,,0
7.837490368782584,8,0.0531082126636324,9.160769035955584,,1
7.114008087118617,8,2.869663869,6.931290200308082,,0
7.808133988669554,9,7.436898120238277,6.6626862383115855,,0
5.62,4,3.79028698534372,9.915028238606366,,0
7.254041236054117,3,5.795176745702397,5.040864503128443,,0
4.88,7,5.481453218913561,2.174924468079298,,1
6.83,4,7.481372330286685,6.726721153974464,,0
5.644138537802816,3,0.9592354594035052,7.432037439809549,,0
5.9,4,5.7052601896854815,4.9550521030751815,,0
8.854139762815656,4,5.6727347855337165,9.840362000313002,,0
8.636965180891403,2,3.284405054721995,10.0,,0
7.913707181360765,1,6.920493564930826,10.0,,0
5.361530852991132,1,2.201929406818884,6.64939941,,0
6.525387325457797,4,7.129071694460785,3.535608059310711,,0
8.819646549968775,7,0.6886284807692373,7.832461455427659,,1
7.212575370459857,3,3.1901594863630347,10.0,,0
10.478994309972542,4,4.720224115,9.140959960255302,,0
7.589976759091558,1,5.435319588929181,10.0,,0
7.288073674735047,1,1.2638325032621638,5.6498766970135605,,0
6.536325303696248,10,7.085818791169782,5.901716546,,1
7.200311357173423,3,6.507120050123465,4.98293657465354,,0
6.771295245429184,2,8.806626162848493,7.004449591,,0
8.062163015032885,3,6.404223199,10.0,,0
8.435053475191875,4,3.527179979083807,10.0,,0
5.821015809238076,4,2.857402259,10.0,,0
5.003150569663333,7,4.158816931,5.596721133498711,,0
4.245691940345055,2,9.361630099,10.0,,1
7.761986990368816,3,5.095214328892316,9.54190602746364,,0
5.344950090739189,3,5.180507784689312,4.647844262440363,,0
3.770664110571276,4,7.758921832603359,6.098614623610574,,0
7.582867906796446,1,2.670942347842953,6.064064046952391,,0
10.739499276149186,1,6.077920562075136,10.0,,0
6.99,4,6.032686001088113,6.610014021924059,,0
8.257736161677464,4,6.914714910223555,9.316541665835969,,0
7.122744037821348,1,6.704586900601345,7.325749812770655,,0
6.851665520213286,3,4.882617694141371,6.226521699780582,,0
8.378614724481652,2,2.233774297689538,6.981939635516853,,0
6.564588183717023,2,3.870239906550493,10.0,,0
7.401088471107855,1,6.684191935796871,10.0,,0
7.48,3,8.708751253793627,5.383965411,,0
5.997864319535427,1,2.5541344907082117,10.0,,0
8.488063524304785,2,2.4224559696230767,10.0,,0
6.737560364956887,1,1.852193151603458,6.422643433,,0
5.866382260760733,1,3.465900172612791,6.373135907189772,,0
7.804764765355605,2,6.895122371276166,10.0,,0
5.652298027313444,10,7.632382340632853,9.135707586546538,,1
7.042271736053692,9,0.8426861672834995,10.0,,1
6.986321505033695,1,2.589650959032554,10.0,,0
8.628843348747367,4,2.2155439740966645,7.516474363230995,,0
7.7120473493199295,4,3.264647424176333,7.770954990646501,,0
6.962459561882284,3,4.555304623260964,5.961063383290695,,0
8.23,3,4.2051660799230905,6.096920787559405,,0
9.09,8,6.027638448,6.150899537,,0
7.8367154595277935,4,1.1467086588500035,10.0,,0
7.015528929765071,4,3.958957840148745,8.982480112668654,,0
5.032245651474761,1,7.732801939018874,8.735723718017377,,0
5.402329505386941,4,7.809023616846792,4.712457260525653,,0
6.542162943467998,3,8.329491465,7.461162967270707,,0
6.085731696761076,2,5.786507461,3.896875528587888,,0
6.719543045521832,1,3.689831611,5.731319100492062,,0
7.084974887345661,8,5.3497246849897655,10.0,,0
7.794539131535096,1,10.0,10.0,,0
6.894251832911364,1,3.938870857726691,10.0,,0
7.729752465739303,1,8.665673384058167,5.763655857878431,,0
7.096711622215181,4,0.1264194165361676,7.592665946970427,,0
4.036800150469193,2,6.143970723742988,4.755043799,,0
5.590996909271869,4,6.294530308743386,6.417986581554776,,0
6.783868666417577,4,5.747172099892943,10.0,,0
5.185457885738339,8,5.878128651705468,9.367605710323836,,0
7.899893094994306,4,6.046430983865575,10.0,,0
9.296126248515543,10,6.1399778102637566,5.136029540199035,,1
8.828142777545974,2,4.338520827025804,10.0,,0
6.679835693604688,1,4.457938141263589,3.158514430822594,,0
9.236089205274927,2,2.2783683473259435,10.0,,0
7.223001185803167,1,6.464978082812224,5.145262607651039,,0
6.494371043322941,2,7.604551715489534,7.158142162501325,,0
6.079896004688591,9,8.488769236351981,8.273890665026165,,0
6.546295470267808,10,3.3578399805714367,10.0,,0
6.417734772188156,2,1.5518406027500955,5.357586586872415,,0
7.255624333563231,2,5.7526216594667074,4.553094044,,0
7.240860971574797,2,2.6887477549690084,10.0,,0
7.004569030230122,4,6.143536525944016,7.033744504936588,,0
7.655407254619525,8,0.589310327,7.943895257492039,,1
8.785969412179512,7,7.1744189235427935,6.712255266,,0
8.424331203161985,4,5.306560694421214,8.420862916,,0
4.772653047325145,4,1.1573230367395595,10.0,,0
3.169118297647068,8,5.608165292065406,9.147536468007624,,1
8.4,2,5.189922978306244,7.316736744139436,,0
4.949681952376869,4,6.045786418858114,10.0,,0
6.662851897160975,3,6.604027205459942,6.930024154181985,,0
5.244830460910961,3,0.1673757806529074,5.082238606021838,,1
4.297029343629971,2,4.057584883543615,5.165408182622411,,0
7.812194092307182,7,4.821939949933993,7.311384387142815,,0
8.138732740453971,4,4.4092550489243445,5.188752458,,0
6.135234398909921,3,4.297942991637421,10.0,,0
3.113436561782635,3,7.108900454304985,8.991708210195446,,1
6.180633327621276,1,1.5374698640653803,7.009306021045097,,0
7.59,3,4.417032574476558,10.0,,0
4.781632646838807,3,4.575487156652779,9.32570078520554,,0
7.275039879668734,2,4.781151872405468,10.0,,0
6.977035226240507,1,3.045372023047457,10.0,,0
7.868937249401632,1,9.283492775901069,8.498753380481626,,0
7.18,4,6.957177226783616,10.0,,0
5.540396588677667,1,9.42307082,8.278834226619912,,0
8.794857252496737,7,6.280542466930019,8.915727165,,0
6.762205640459545,1,6.524561849,2.978792932539513,,0
6.959043190735102,4,4.991236113293574,6.050604000853618,,0
5.600098061390206,1,8.126166249349385,7.261894389853845,,0
6.335076623212735,2,6.131055983629082,5.648193054938419,,0
5.672795928959649,2,4.618702307371607,4.266779509288581,,0
6.740580910114866,3,8.693143300588794,9.334763351,,0
9.567562720213516,9,2.3943647714936223,8.557737077534417,,1
4.942148285602966,1,3.535765988883047,7.039058194962877,,0
4.579657903184888,4,10.0,3.372540948268817,,1
9.206755491240411,7,6.341406917677211,10.0,,0
6.686014484272201,2,0.0,8.730323414421953,,1
5.996390892010125,4,7.037864035567198,5.384693923,,0
8.559857031094115,1,2.953792787169767,10.0,,0
6.091576690394704,7,3.851371492174808,10.0,,0
9.739014570320403,8,10.0,10.0,,1
8.016888807008904,3,8.311032449333338,4.800144644675668,,0
6.268132887781446,1,8.996223071670721,4.157504718111429,,0
10.235962319898256,3,3.785402250449586,10.0,,0
6.091427615494992,10,4.417786844810249,4.348308231341499,,1
8.11,1,5.437331245183781,7.342367505888711,,0
7.448938870609738,3,6.736794459375066,8.242354252622231,,0
8.952611934098197,3,4.316032029565247,5.879009876373293,,0
9.342266795090278,3,8.756746407,6.011406750755704,,0
7.05,2,5.982371453569711,5.372996160275075,,0
5.869873194480725,3,7.981862231984102,7.661855140700176,,0
7.689958214408675,4,3.4400206859756786,10.0,,0
5.983426945371841,1,4.162242855412342,6.636768198651512,,0
10.020080871289936,1,5.491348353709948,10.0,,0
7.204802996624106,4,4.081767898382361,5.434954600370871,,0
6.452017673031837,1,7.095448798040415,6.254070165017601,,0
7.277020458797363,3,7.135295423433302,6.220549434824628,,0
4.979310565705456,1,4.5218738408251244,10.0,,0
5.542578942234023,2,6.315942361599818,8.562308787881017,,0
8.800620861916638,3,9.083708173726198,8.015271811353132,,0
6.014658581542906,10,7.089194894756938,10.0,,1
5.43,1,6.304002911705497,7.577273155136159,,0
7.804979128790929,2,7.590633523209872,10.0,,0
8.778556231994495,1,8.361640334588344,9.629822624192032,,0
8.08,1,8.035828572446023,10.0,,0
8.494071528708725,8,4.856042792565223,7.404442158,,0
5.864807367145809,10,6.804569999743853,6.178862173115456,,1
4.867283999887235,4,4.403879079,7.757913955845545,,0
9.25,9,4.891111818103951,5.751262268724474,,0
6.515980241736797,2,5.958483239709182,8.180022694530539,,0
6.623750475317429,7,2.103107635357193,5.859035645410462,,0
8.992291212773587,2,5.737286280899494,10.0,,0
7.83,3,3.617117249217088,6.067428587944171,,0
7.683831658122411,2,2.6277794445437253,4.164555224333589,,0
10.247503517351626,4,6.589828123,9.676392309,,0
6.034722654429785,8,4.478427625255212,10.0,,0
8.391760192121856,3,5.4399739365630175,8.015720656612086,,0
7.085519687345627,4,4.527250352,6.197391542657789,,0
7.402888418294886,4,3.766711792427986,10.0,,0
9.292702639618796,7,5.235140876961898,10.0,,0
7.761753634434435,4,2.275503505608534,7.289877142706159,,0
7.807444118574449,1,4.807521925222511,7.319439684518901,,0
8.608761005964704,8,8.961466396570286,5.900029053498065,,1
6.452570905685672,10,2.6010468828202207,10.0,,1
5.7411854989914906,1,7.852316601,3.332804184677173,,0
5.43,4,9.173595608870496,6.730223329975758,,0
4.050465115935998,4,3.4289836264167715,2.161904872623266,,1
10.084310694910483,1,5.655217916683804,7.278449497826064,,0
5.345187451417475,1,2.4005412597690787,9.289690936964003,,0
6.668119564621343,7,2.1012591342881826,6.239768204772951,,0
6.584780050166619,2,5.334340025869945,3.8848437712440806,,0
7.461110046713651,8,5.818360327617643,6.705857356344959,,0
8.223605818808945,3,3.866169860955676,5.012226564452222,,0
8.290710232539618,2,2.738012320681468,5.800806892,,0
6.125383842146592,4,3.432145218234265,10.0,,0
6.749317429320382,2,6.7821865786627535,7.705950195412297,,0
7.42,2,6.795848505332356,10.0,,0
6.63,3,6.2850181224451145,10.0,,0
9.411018364029989,1,4.228791608416836,10.0,,0
7.7364624274573774,2,2.8488766054775967,7.140069596823167,,0
8.102316679074725,3,7.625521318012083,10.0,,0
7.994321903001119,1,8.282335818944878,10.0,,0
8.760210786227987,2,3.950184605187289,10.0,,0
7.27,3,4.682198763996247,7.380606351,,0
5.05,9,2.0658982204787883,4.110352922357273,,1
7.599531927628963,4,6.0678747961181205,10.0,,0
6.022964659312256,1,9.151572442,9.834005632037696,,0
6.207074977375365,2,6.887261635633796,10.0,,0
7.88,4,9.423996399068272,5.832074243180412,,0
8.857424607150453,1,4.219231801179417,7.824831785929438,,0
7.031907365104092,2,2.384770319623954,7.089019779101023,,0
7.463249518898445,2,8.008616005404754,10.0,,0
9.553322416952856,7,5.343608981432007,8.395755184044082,,0
7.361129769232853,9,3.213885390634185,5.556338503625256,,0
10.902524671270593,7,8.744641681439441,10.0,,1
7.848264468447316,1,3.7878616418072064,7.894158153015564,,0
4.358855861266274,3,2.760420249329105,10.0,,0
8.130012431656798,2,6.203220965175119,5.1583118784329205,,0
7.571737577324167,2,2.396503756177182,10.0,,0
8.934629131124119,1,7.044701377992867,8.475505024,,0
8.009772026904937,4,2.6953753761563948,10.0,,0
6.792316024024339,4,5.502980069325568,10.0,,0
5.163552645565952,3,5.633359319579967,1.4934646193999672,,1
6.686465114070963,1,5.529836674451722,4.813534846575606,,0
5.72,2,2.424612372269179,4.349901934997242,,0
6.129214825292916,1,4.610937172,9.21851125476472,,0
7.882867606630914,2,7.747176218674847,10.0,,0
9.5,4,4.595966562716601,8.870395773,,0
7.592007294734472,2,2.698239313,9.494850242038844,,0
5.206175406947224,9,4.109857801729079,5.736028137,,0
7.666904002330211,2,2.4834069433122603,10.0,,0
8.794947229968477,4,0.6365355393977161,10.0,,0
6.085325643520926,3,4.647118165294049,6.197519952163652,,0
6.798974249990623,4,5.200020999,6.766119312945901,,0
7.022032292093796,3,6.397769869569236,5.754204956087533,,0
5.82,9,5.934730543,7.524013269269011,,0
7.972420650765788,8,6.229294831419398,8.352635757459273,,0
6.818577777088327,4,4.91785894,4.828533689797297,,0
7.629298665860541,7,9.254998554205136,8.205677557572338,,0
5.67,4,3.3169982569213783,5.156580947441356,,0
6.343812549514884,1,4.365777438497899,5.9232459911214175,,0
8.083572036741657,8,8.317272155233162,8.771176456175093,,0
6.440750271862349,7,4.2201776138400255,7.152603097387348,,0
9.590445776850109,2,4.779565445488791,10.0,,0
6.400545721578096,7,5.808369283836226,9.52562319814724,,0
7.337027088627829,2,7.334922379422741,6.682440001196304,,0
8.398886247809635,1,5.284006210472986,5.904783003,,0
4.872451400600452,8,3.232511983079336,8.879742142,,0
4.358786782028837,2,4.179846322768179,10.0,,0
4.711515528144858,7,6.080012209804268,4.930775154323373,,0
8.893876155140774,2,4.409779977853091,8.243148395596359,,0
6.172212781161329,4,4.0653980462361305,5.688335680926591,,0
10.837298928502378,3,3.136000444939837,9.870749012035594,,1
6.153628602013917,8,7.386964630525927,4.449423055,,0
7.276826954795555,3,4.7568449644953565,7.301908922600737,,0
9.313164928851814,2,4.769525822798737,10.0,,0
10.009139332238684,4,6.359779349412161,6.891460424633896,,0
10.092255364954596,8,2.2752799322290334,8.138361304,,1
8.812549345889714,2,5.08397425,7.497257287474256,,0
8.536093788717194,7,8.010643452,7.960703057562487,,0
7.888790423801774,4,4.872333023,5.537807092607674,,0
8.167541614249956,1,5.43903123232537,3.768428233032705,,0
6.17,2,5.394341687968931,10.0,,0
5.772701674866539,1,7.122688743505663,4.384848695903314,,0
6.994938313883572,4,5.402449862041922,9.215649830365686,,0
6.744723066212607,3,9.937169787325338,10.0,,0
6.320157926009087,4,5.462552671523086,5.964153870089355,,0
8.044581171185072,8,4.128494441545008,7.762073111684819,,0
8.432957812855767,4,8.023893661738974,8.996826139034196,,0
7.132610329437771,9,4.578627724592568,10.0,,0
9.216295121582892,2,3.800797102226645,10.0,,0
5.287466328799742,2,2.6231455820823752,8.164835588919015,,0
6.709510811080423,4,5.957518211849621,5.161894832587404,,0
5.924766519095792,3,4.0850793615355805,6.622184740006897,,0
4.2,10,3.4452912507180704,7.711883806924981,,1
6.875978971235951,4,3.8683737567650778,7.805237841696435,,0
6.8173787374250745,2,4.273359081388768,4.371164926287637,,0
9.270174614863198,9,6.665429443860653,7.264405493261008,,1
7.946217526832166,7,5.967071747871335,10.0,,0
5.463719763506193,7,4.710919559103215,4.743779701265248,,0
9.781138849501282,4,6.121678396176399,10.0,,0
8.83,10,4.787318763886318,7.744502324674936,,1
7.873146555202924,10,5.413133225009894,10.0,,0
6.660273851725252,4,3.666119531593017,10.0,,0
5.5608411449147805,3,3.6845920280641375,4.839017357873033,,0
6.4416898358934205,9,5.302695135026142,5.91447964702826,,0
8.63,1,5.307180512689511,8.384353335718798,,0
9.826879458901914,3,7.022361653575815,10.0,,0
9.314865292408284,4,5.998649228454953,7.275785637864096,,0
6.266725867320589,4,4.016106643160397,10.0,,0
5.320573850066483,2,2.439854185306283,8.068003063588886,,0
7.211329370366806,2,6.765181652158451,5.195851911982956,,0
4.347340951655722,1,5.663342201717192,8.921793914055126,,0
7.484751571277172,1,6.938445598385651,6.796339218,,0
6.778596120551997,7,5.9175255919483485,6.325780771037927,,0
6.300945247197637,10,8.609925046,1.9270452255208377,,1
4.607945399099807,1,4.567240323643532,5.806252354100067,,0
7.770400159854574,3,5.082816535,10.0,,0
6.200948740507133,4,6.580941463669848,6.015672188969984,,0
5.245124746434568,10,6.726031606475739,10.0,,1
2.691606680077526,3,5.654191910785198,8.840205891,,1
6.958727642424045,1,1.8178113997623608,6.526936776514744,,0
9.658377395004615,4,1.4640687883759649,5.998933331555556,,1
9.491888821821805,2,4.228101280206777,5.016225712094746,,0
6.314355615120592,2,5.043630101112007,10.0,,0
6.096681909457329,4,1.2640299565590167,4.497170531473286,,0
7.703161384112535,3,4.940381575467144,6.537325523743852,,0
5.502421841217563,2,6.302374237805448,7.214380694874661,,0
7.452687849729199,9,4.881600556690861,9.188530213094262,,0
8.149120417577036,4,5.590253105730582,6.787741958913744,,0
8.840399835826462,1,6.175635128915418,7.6380008643327555,,0
6.849768885280071,3,1.797463747,8.820787323,,0
6.694489374734551,3,6.305163641778528,8.102771455319505,,0
5.683026119865159,1,3.532932510706261,10.0,,0
5.7596794689402095,3,4.523787515,1.9608283789119627,,0
6.66,2,3.677816301008296,10.0,,0
7.551048260224267,9,7.147772832296139,9.814613182043937,,0
8.370376939349875,3,2.6551608746561826,8.595453819124883,,0
5.795231573979483,9,7.762690536422415,8.547979641,,0
9.239032853439284,1,9.783655439,8.393762144930703,,1
6.593314598436147,1,1.8977598522488068,7.547250116052206,,0
6.967949058477346,4,3.827893271008007,9.3618868344486,,0
5.879182481278265,7,6.224895450433201,7.516599740064026,,0
3.363639609590588,3,3.013100315934584,9.288964451908369,,0
8.326068094541574,10,4.456250336181093,6.199874636339774,,1
8.11,3,5.351754523838269,10.0,,0
6.58,1,3.574357970311532,8.879826177,,0
7.100486075837308,3,5.163966277474379,4.706361922549512,,0
7.773908826556149,1,6.897472548855463,6.856456423576513,,0
4.656181214670186,3,4.843369779407665,9.955283964871308,,0
6.206420983980558,8,2.9226911729438427,10.0,,0
8.19,3,7.329773257078086,8.220191746907211,,0
5.118565865246126,1,7.778069351096397,10.0,,0
7.440336898249944,2,5.737159397573797,5.094155266826984,,0
4.965127293064892,1,3.036415299,7.161254589000814,,0
7.699644973650289,2,3.2445454726264016,10.0,,0
6.946537776553774,3,0.263131129,10.0,,0
4.577302276141736,4,3.815745049517294,9.783882360561703,,0
8.747109031685756,4,7.131158888971134,10.0,,0
5.898112634802926,4,3.632063365107892,5.578447734564234,,0
5.7846213444784285,9,3.088134758189779,10.0,,0
7.300853795846415,4,7.0457688331379735,4.141607897165503,,0
8.722956024143073,1,7.302559377255006,4.891600677,,0
5.476267271532405,9,3.927737671987356,3.863715249195122,,1
7.092519774771957,7,6.018897935,8.710835509454986,,0
7.643224750495859,4,3.264495870625142,6.735921971112983,,0
8.039658410894717,1,4.314735714,8.789176871116496,,0
7.264662332915837,4,1.3597793843746837,6.433455290761576,,0
6.449458241375017,4,5.720204292145545,6.774501708581434,,0
5.758614669026921,4,4.794172940473496,6.433251489367034,,0
7.129215824569562,10,3.656145350816894,8.048954546835981,,1
5.39,1,4.815939932821314,5.034627947898888,,0
2.6179742747580885,7,4.569898085174712,8.054400519662192,,1
7.654839706236501,2,3.345507882415872,10.0,,0
8.355902261629293,2,5.797101540933903,10.0,,0
3.455601346687242,4,4.404101634267075,4.041378833400554,,0
5.485403942935093,3,4.731439466178148,7.592203533036811,,0
7.928731391507797,4,2.0786772688800905,6.293664559843748,,0
10.086243204567548,3,4.748764841147816,5.882945205776926,,0
7.031190561513112,3,4.641340066234661,5.0675625590484366,,0
5.907995588156298,2,3.3487718393971893,10.0,,0
6.73,8,6.063087489008586,6.122951926,,0
9.062314628722277,10,0.7843829567350804,7.825051912482768,,1
6.031053731313197,8,4.035603245721639,2.888985210971009,,1
5.801211990024619,4,5.619908854693553,10.0,,0
6.275884716726951,3,9.197018239,7.40775295823236,,0
5.570007087611931,4,2.268654130002909,6.036145095272103,,0
7.184005473992193,2,5.1772549255368014,8.782756161404897,,0
9.44,3,6.095805586000294,8.513354094244203,,0
7.484618909674044,2,5.126695855290223,10.0,,0
6.621469746810568,3,2.535312815338457,6.565277608486103,,0
6.562283096626684,2,4.0326548,10.0,,0
4.655213786955015,4,0.1167028250188799,5.88543397030204,,1
8.32,2,5.00773187,10.0,,0
6.883244204480797,3,2.168214526,4.929743106198974,,0
6.729280129614062,1,5.911321881921562,4.377369181123432,,0
11.789661351767291,1,3.693155243,8.828601587262357,,1
7.45,4,3.5049703529998166,9.490958797057637,,0
5.872313424857223,9,5.333100515206816,5.307688417635315,,0
6.360463605691685,1,5.520513127247304,9.076738066,,0
8.722668563795132,4,6.742568603771117,4.920984686036729,,0
7.169905615806647,8,4.477276166413772,10.0,,0
4.84,3,4.788437070243708,10.0,,0
8.378843401862806,1,2.2273518384431843,10.0,,0
5.997783871691509,9,7.896798846503725,9.314059004927296,,0
9.809946664326318,3,3.131119086,9.648660094,,0
8.620072098571972,3,6.449669397339093,8.321521903176475,,0
6.329017156511873,7,6.464374584927645,10.0,,0
8.921524542602668,3,5.799805309455953,5.411786116799523,,0
7.101783265791105,3,4.525219252147027,10.0,,0
8.28,1,4.274528463622144,10.0,,0
7.727099225941712,3,4.871847365319969,6.092948814051869,,0
5.73,1,1.1922229362960295,7.947415791737679,,0
6.034675251523807,4,4.947801927397348,7.831012482736728,,0
8.544941226371742,2,7.971501879,10.0,,0
6.497837001840189,8,4.548297022255528,10.0,,0
6.394527305137005,3,4.934519666460901,8.305859645048743,,0
5.56731613097597,3,2.951764920458752,9.84678330415574,,0
7.635398598390191,4,5.371374617684547,10.0,,0
10.093787378864718,4,3.444061672760673,6.849079573852187,,0
5.398700628618591,3,6.699713003475647,4.491696622647908,,0
7.036329185009137,1,7.282656525793781,9.643074376255909,,0
9.118330833123144,4,7.719193250967309,10.0,,0
6.880537913131428,2,2.1129143250048914,10.0,,0
7.678557694374601,2,6.445420997970782,6.711875899888976,,0
5.41,4,6.293979889774599,5.983220679811739,,0
7.642460645811472,1,4.169858783424513,8.435756980861367,,0
6.719283602493177,1,7.385355055482986,5.459008371300588,,0
8.478594993519794,1,5.828890900664371,6.719652874203329,,0
8.781079077347126,10,7.746231683732974,10.0,,1
10.88434546302792,4,2.464759620594915,7.256960575300049,,1
7.869449759820363,1,3.57188935338544,10.0,,0
7.49,8,5.187447092653476,6.088430494507105,,0
7.291576452366004,1,7.345181066194629,7.744540345788466,,0
6.470250560783968,7,5.909598911347607,5.995614760302892,,0
7.507725765192537,4,3.103324036984997,7.836054491614755,,0
6.556897884791455,3,8.552684623751496,3.563091114122622,,0
7.252691464404421,1,4.410585643772698,10.0,,0
8.976396303411939,3,3.1673309874819315,10.0,,0
5.490186152080538,3,3.4498052124092347,7.114458862108941,,0
8.709817841693567,3,2.335518909110356,4.205355779311195,,0
8.975672601009798,3,0.5053937807515174,10.0,,0
6.822897209513382,2,4.766813155788545,6.340018679343944,,0
3.817217651487108,2,1.8907930246089597,3.923548859738011,,1
6.088267019358352,3,5.627335395196166,7.212715215270352,,0
8.945491819841664,2,6.968565300486418,10.0,,0
6.965697906551677,2,5.7532400936927255,5.991687319603492,,0
5.501046651557633,7,5.087975383267895,4.623339022732464,,0
6.242837618157674,4,1.9182884221016596,10.0,,0
8.260930039756829,7,6.692098696934364,6.067197222598599,,0
7.820100352302068,3,8.893127841019322,5.178469727161315,,0
6.641601851245459,2,7.816538149549345,6.291267608619999,,0
6.449763382277968,4,2.3389294146976662,10.0,,0
6.412362776434267,7,4.844065216066404,7.687688028,,0
5.616384723252246,10,4.434539970412196,10.0,,0
9.423063534204164,3,4.203926788528918,10.0,,0
6.52,2,5.054156076498476,5.191071754920104,,0
8.825737781238244,7,9.330164435,10.0,,1
9.281974077883678,4,5.214714635174473,7.891858270030728,,0
8.497466347221941,1,4.111313717359422,5.490313755935166,,0
6.352569530922928,1,5.595806733,8.042434713011868,,0
7.605595135504914,4,2.3733858427626555,7.820684269931195,,0
6.963706590413626,3,3.567848196015566,6.120132479766805,,0
5.644447208904808,1,6.972464147052666,2.8314467074823724,,1
7.486538922582405,2,5.376688652731749,6.438261966227082,,0
5.231440313260296,10,9.203460175,10.0,,1
8.781519082692345,1,5.535360891678627,9.876129790166091,,0
6.3,9,2.508350873752183,10.0,,0
7.301739483809259,3,1.829881130131921,7.248224088627875,,0
7.424931807319213,4,7.003290839320716,3.985161266210986,,0
6.611642539443884,2,2.916946665040113,6.189969524689768,,0
7.880040702212912,3,2.7377530264790044,6.052648472688742,,0
6.287644515066213,9,3.970030951269922,6.004014459050257,,0
8.306945946185866,1,6.992516143561469,9.129284866692048,,0
4.981030479629878,1,4.264552119,10.0,,0
7.189569369319618,2,3.316776844,10.0,,0
9.908393498587428,2,7.4252141065829775,5.812379578023876,,0
5.499503013091638,3,7.083899787682391,10.0,,0
5.983382544212723,4,8.334132296714944,4.663048475456474,,0
7.770861774488372,3,7.702661094215307,4.395617095180992,,0
7.269372672909397,7,7.117832071790566,10.0,,0
7.525945148910338,4,3.4975165584645893,8.409944326,,0
7.733780695221495,4,6.31805725298516,4.873744171021291,,0
7.9520822028426545,7,7.429270548127306,7.716626848,,0
8.664549762934335,1,8.711596485149308,6.765583923127573,,0
7.614727985392768,8,5.342249250126254,10.0,,0
6.638113518072187,2,4.016080809050314,7.009556375,,0
8.008860551804098,3,3.2317366758583117,10.0,,0
9.849822902342822,1,6.958860704699644,5.137345604457845,,0
6.801049380426139,3,3.666538508946279,6.882972948238394,,0
5.538206042994037,1,5.214486697,6.089745826006229,,0
8.660621003930459,4,3.2394687210459354,9.766259449150205,,0
6.819428254069603,4,4.682156682754628,7.7360667134440035,,0
3.740995680978946,8,5.877971539927233,8.186483609025723,,1
8.271132515725633,1,5.538501146614599,10.0,,0
6.197007721069116,1,6.4758978155035605,10.0,,0
6.864200076543759,3,2.2518150058168263,10.0,,0
7.497970495853522,2,4.766913188080639,9.512257137,,0
7.29,8,4.059599105183485,5.561044165931389,,0
8.064177725708559,3,3.035296042301156,10.0,,0
6.346770444145235,3,3.5009724564798024,5.785400081163187,,0
7.769658697264124,9,3.211836300168377,6.649027897489953,,0
6.610679983624125,10,5.699861679968719,4.461857725192857,,1
8.108215721331254,1,5.800277799,8.755458135181179,,0
7.92,4,6.751248439574324,8.738807135864958,,0
5.596841946933107,1,5.656125741,10.0,,0
8.628973174262548,8,5.317607862607101,6.649790333662299,,0
6.196054832328928,9,5.1577822755262845,4.241432958719015,,0
8.212086697421718,1,6.351315742173247,7.004214769017475,,0
7.550930970102011,8,0.7862885446022396,7.394811910749071,,1
9.757275515192685,2,4.881737899280843,8.438672994651323,,0
6.6648010264422215,1,5.634404474311692,4.6860926798195255,,0
6.476024805822704,4,8.579261393279438,7.732477571440998,,0
6.970870591168401,3,2.776849168776585,9.125935986215906,,0
6.545230325748587,4,2.706280656079231,10.0,,0
8.199912852913075,4,0.4580694417447288,10.0,,0
4.575534087345118,7,2.2184387931334664,7.4017688454237724,,1
5.419476371280469,2,4.697390861552612,7.042491449,,0
5.4,1,3.551933798028426,6.813635544537757,,0
8.425461387960365,7,3.50923683167828,10.0,,0
9.565920058872887,9,5.045857944205131,6.595770911859913,,1
6.843326172193793,3,6.164612097005729,5.148553836393903,,0
6.746767415214984,9,5.025010030687258,10.0,,0
7.105078244669772,2,5.053396818071714,6.663835488037615,,0
8.742817453912286,3,5.807218425258156,4.9447978426386925,,0
5.608970298714139,4,1.3345818298337782,6.260356186,,0
7.357553474102177,9,5.2579891744693885,10.0,,0
8.462796444673645,4,4.850134760753581,10.0,,0
7.751641254909768,1,4.985799756,10.0,,0
7.284372424898115,1,3.831880539131019,6.483148022812147,,0
8.501569138850712,2,4.589054464734169,10.0,,0
2.945151560501144,1,5.805292836953264,10.0,,1
8.016812979296361,9,8.218095571,10.0,,0
6.018886475308864,3,1.617258354359441,5.151798873390522,,0
4.254050654715314,1,6.143567780497845,10.0,,0
7.766803899287471,7,7.435727030004445,6.166160644671832,,0
9.060487817744438,2,2.4588809861233143,9.474713575151982,,0
6.793827228058462,4,4.6411749000141445,9.121207097933112,,0
8.429311820804408,2,5.551551041197578,5.280590021381983,,0
9.418417386982968,2,9.017893022380264,10.0,,0
8.972371680376071,9,9.346655343151111,5.309410770779967,,1
9.459946794057087,1,2.4585934407088423,8.733238217139611,,0
8.113191236607838,3,4.3955352563666334,10.0,,0
7.113150458352389,3,5.398981997248183,10.0,,0
4.597051282154247,1,6.112909005514285,3.638191016880854,,0
6.630906267805077,4,5.401595827957118,5.331782240751704,,0
5.735130107025713,2,3.103772063099613,9.132528475199312,,0
10.25641407624672,1,3.015379676728025,8.337722863,,0
6.736171281351495,4,1.91749715192531,10.0,,0
7.184807210176729,3,0.9588109349202832,10.0,,0
7.827228064060701,1,1.8718960132388516,7.474120562950435,,0
7.07,3,7.323043915038409,3.647834356261048,,0
9.542576560646127,8,6.420557078352154,6.95297373,,1
6.066025957398322,3,6.106556320250874,10.0,,0
7.291911182855864,3,4.554569839287245,7.485768547762438,,0
5.886294121452927,4,4.916986811859814,8.222068625295032,,0
5.019966233168941,2,4.462605153934348,6.761431307915976,,0
6.082346363642072,4,1.8261294717097216,10.0,,0
6.944444804427382,1,6.295373437021606,5.625255588447214,,0
6.36,8,6.705357912664213,7.242477486213342,,0
5.961368530189216,1,2.699339133056637,10.0,,0
4.890523804492249,10,2.6975048248048443,10.0,,1
6.875341641056957,3,5.7035344033837045,10.0,,0
4.742919438953496,4,5.685897528217779,5.010106041286274,,0
8.140083945534403,2,6.465351811,7.884620537550947,,0
7.123659629401755,3,7.827146068849849,7.462105396,,0
4.8136727508026045,4,2.884178773,6.893589050317692,,0
6.536186384425205,10,4.836010758723354,10.0,,0
5.871765391614125,1,2.998961199303286,9.140812494315655,,0
7.478761765628771,9,3.143017478634932,5.557197955327808,,0
9.010675669034717,2,4.140407124002793,10.0,,0
4.187241295531383,2,7.880711890314737,10.0,,0
7.172539118721126,4,7.209636465919907,5.119719712094562,,0
6.75980080665004,10,4.850353107175673,5.957948363,,0
8.007010114675698,1,0.6877964837033081,7.884642018977187,,0
7.319794942356534,3,5.785556385464064,7.064567405790084,,0
5.872046002391771,1,5.739344309317484,5.38500498,,0
6.521419096500073,7,3.132812788106204,8.114953838479288,,0
5.805961214794767,4,6.6613927890162845,10.0,,0
8.614010707897897,7,3.0943520677657377,9.506735031457694,,0
7.031967473007914,7,6.655477977563603,5.374117957263003,,0
9.851786028629512,3,5.482130802470166,10.0,,0
6.909008779278069,3,2.0803701585318755,8.559440217209092,,0
5.937389849634306,2,4.277046936922578,10.0,,0
4.729428411080759,2,5.289302783,6.349470312787534,,0
4.295290485616082,4,5.600315952894095,4.717372879923893,,0
4.623796085491765,7,7.066354283,4.139400360328183,,1
7.400689976517225,4,7.315547860362374,10.0,,0
7.76,8,4.522750405563499,8.798286868079991,,0
4.628213946951799,1,6.118643749647356,8.602210702826056,,0
8.342557471114173,3,8.215871867,4.974559538237714,,0
6.2754084224748405,4,2.9626714067821824,7.990548344993268,,0
7.220189517978324,3,3.784079587598093,7.066847158854733,,0
9.418330942383136,9,1.689730069242661,10.0,,1
8.345258973798298,1,3.737135539225124,10.0,,0
6.597204028141252,4,5.411562875544849,6.315530012097354,,0
5.663211661877069,9,0.7677075200277459,8.168028868894279,,1
3.7722768980060426,3,5.874089990257623,5.015498471750488,,0
5.92,8,4.055311267093843,7.206141500565653,,0
6.6833046417584585,4,4.874652474982085,7.112114875614262,,0
5.519230709273224,1,2.6622560389176635,10.0,,0
6.803114549361543,2,4.795478425861154,10.0,,0
7.115277824438152,2,8.358399329874167,5.309237574016125,,0
6.662716027287882,1,4.200391669560673,7.571438535608957,,0
6.02,4,0.5741260410712892,10.0,,0
7.2529820079500915,8,7.427544557261651,10.0,,0
7.662910974354114,2,6.084895693442591,4.949916594824806,,0
5.364401383835731,2,5.188085581988718,6.805629507363689,,0
9.116398569619406,1,6.136104312623959,6.681755274688038,,0
6.852117801573607,3,5.1650323455005225,5.830390614074915,,0
7.028274434417272,3,8.286532479819313,5.229079594532104,,0
8.062321634884835,4,6.503999057164691,5.933106465788488,,0
7.349824196895252,4,4.087150534976998,9.392697456037643,,0
8.429704950869867,4,7.983909883311432,5.820760545769159,,0
7.430686247802736,7,8.639969728958194,6.403186700810143,,0
6.081343938039344,7,6.820727903355889,6.073240257993443,,0
7.542255287809152,8,5.813859177857691,10.0,,0
5.284410689019008,1,3.2918062336544813,10.0,,0
7.162839558664785,3,6.3713180214031375,7.769844910915266,,0
6.950155014033308,7,5.776052396018149,7.926048994755614,,0
6.687824714091191,3,4.946394425840253,10.0,,0
6.807193732841604,2,6.398536272258781,5.964952275851326,,0
4.1772264317535415,1,5.174115108427849,5.531064355761317,,0
6.176912638388558,3,6.097566083174927,4.406534389509358,,0
7.1392673517116725,7,7.071657567943603,6.523455148428793,,0
7.239784587996101,1,2.337811002309832,6.756318569820233,,0
5.458487288611063,3,2.950649207894372,10.0,,0
8.898561761297051,7,3.175556331,8.390221691089103,,0
5.7007377276782485,4,8.880018818,6.901405516,,0
8.454185800790105,8,6.2669494655511695,10.0,,0
7.640791542807527,2,6.453238428,6.584693057044341,,0
6.030659035234296,2,7.258876100037471,5.8498937235459385,,0
9.662966338914268,3,2.9066911613495163,8.776744345741369,,0
5.2095447523652805,8,0.9234391899610914,7.376503270349615,,1
8.378731260415002,2,4.874275674,6.993932539091946,,0
8.500873477064466,2,6.795143920379492,6.871309602177725,,0
5.994069686385033,3,4.6048140787341065,8.227642808531792,,0
9.088697950096494,2,2.2601233909460663,10.0,,0
6.6249302281015705,1,3.189544338116355,8.306373836134258,,0
7.4330404439197855,4,2.6414839994091035,8.227189144,,0
7.390482758156831,2,3.775271126544229,5.456029520449577,,0
6.798536887794178,2,2.681239098768113,7.947389322395228,,0
8.216212409739674,1,5.293558025457976,6.762932264355735,,0
8.19,2,3.904837186773905,10.0,,0
4.377202040142729,7,6.266864454,6.2207416553574335,,0
8.956510364317229,1,3.047044109,7.656722733556442,,0
4.506262017946488,3,5.510693775490255,10.0,,0
8.548819306512486,2,4.924801694276093,7.677307911228658,,0
8.690057705241376,9,5.792057888482554,5.096390674633299,,0
5.363550354677203,4,6.073427172597626,10.0,,0
6.383778568068123,2,6.287289251990448,10.0,,0
5.341442997271097,4,6.661514341802612,9.469858869791317,,0
6.677618454566897,1,6.084582048371741,4.949921490761896,,0
6.537948573721388,7,5.595732011628115,7.858721087432509,,0
8.17,1,3.666552632182485,10.0,,0
8.965463119179413,1,6.701474097118197,7.2480259763359856,,0
9.093525716184937,4,3.606231594,5.211380308756514,,0
6.156747960132547,3,4.416173356122481,10.0,,0
6.686167189383208,10,3.2766935741914587,5.084678270752501,,1
4.474842711668575,3,3.23503726990564,10.0,,0
5.791194900255717,2,4.365997061876695,7.855786931,,0
8.447277449646187,4,4.533942012943716,7.900301991630411,,0
9.423374235322347,3,3.372888695704776,6.009642833619707,,0
5.148476692180116,9,5.043926531099851,10.0,,0
6.1113036112706585,3,5.313521396870252,8.119293338651584,,0
6.96,4,3.910242231652535,8.498655737947429,,0
7.42,3,9.579278277630198,8.663188995939272,,0
5.785594720117531,3,5.665396553406082,10.0,,0
7.636091566696135,3,5.236529798663034,10.0,,0
6.289240979393626,1,3.648088111380401,8.298410702539108,,0
6.9783215936825815,1,5.275683725762658,5.9684635142961655,,0
7.819426372005549,1,5.481605274,10.0,,0
7.009633404716407,4,4.993051383993242,8.541094304212123,,0
6.345421164210147,4,7.837302012878961,5.247733021010606,,0
6.835585294111254,3,1.5970571225775911,8.187123991304082,,0
6.867455561191997,9,4.239241389886404,10.0,,0
6.444983455176809,9,6.427670786118238,4.715913073884136,,0
6.611805905999346,3,3.2066747043937607,7.971060223841954,,0
9.397970755757076,1,1.9066546645002305,7.377261137616736,,0
7.841379171911858,1,3.9622202603625754,5.226296052830175,,0
6.556779522956259,7,7.087872340845433,7.805834658396797,,0
8.045431606766103,1,3.254080144998116,6.375565994813407,,0
6.499270765365985,2,4.287146603544409,7.149332125825576,,0
8.759686956379962,1,5.842964133438068,6.591804199221896,,0
7.554463288297141,4,3.841394187550206,8.673709238541655,,0
6.839046783993656,4,4.1200976888572685,8.872751849465109,,0
7.671575388715416,1,3.695899523076156,10.0,,0
4.643685771897252,4,3.864441243493167,8.653003217,,0
5.309848796635292,2,2.6741289536191277,5.308949329,,0
5.2091124904014166,1,4.485432722652346,5.058869248041519,,0
7.21,2,7.128467628767821,8.217271871051834,,0
9.598772499227636,4,8.165618542672785,10.0,,0
10.34695021928895,1,7.499630575719602,10.0,,0
7.957076652161136,1,5.275391256,10.0,,0
7.751266712416685,4,8.317700094034727,6.987990510427047,,0
4.298413398770892,3,9.605718866334708,5.297411084463999,,1
6.185989300398967,1,5.362555597887114,7.820635091151305,,0
5.818324372137642,1,3.0188713013752237,5.339049734156434,,0
6.068728602623326,4,7.623873153403203,3.651822708970024,,0
6.747784272122816,4,2.5930293347586533,10.0,,0
6.291864133454309,1,3.226982520258442,5.837675568435997,,0
4.031050284436319,3,0.8349317351242735,3.693099639189866,,1
8.121865384176301,8,6.454826705036131,5.208687153,,0
5.39,1,0.3691113488811073,10.0,,1
7.358870296166724,1,6.985702163684536,9.521572373122565,,0
10.11112400462496,2,8.618884642928652,9.297193060151129,,1
5.620923112620365,4,8.455552074892168,10.0,,0
3.204568715880505,2,2.468357986716172,5.041761959002943,,1
6.570993667179834,2,1.2726072873385037,9.060041572,,0
8.651439452497856,1,3.715029581382183,6.944802352984927,,0
9.94,2,6.758384372853071,6.013065345545035,,0
5.155675608321374,2,7.407577313329918,10.0,,0
7.745048834854782,4,6.328998969,9.394629539710936,,0
6.3,3,6.056010576394106,6.027784908568041,,0
6.841077468543796,8,9.72200987400072,5.995238810728898,,1
10.966515020525552,3,4.043911658,10.0,,0
4.745544507407271,3,3.444049535525793,3.128986802805723,,1
7.38,9,2.621738396882448,5.298512527673632,,1
7.7,3,5.865931835,7.218786717530075,,0
8.63,4,4.640897821813249,6.870595123333425,,0
7.146974730206344,4,6.6499581289001926,10.0,,0
7.462075809256153,3,4.098901158823855,5.331928252456777,,0
6.412527148867313,2,6.257564199260635,4.453039358509445,,0
7.403690411867661,1,4.232287581035793,7.652170545607149,,0
6.485211586753884,2,4.674590318228352,10.0,,0
7.932357834784076,4,4.864019551390332,6.3656933170002965,,0
6.445584495934549,4,1.5993968355987205,4.667541487982128,,0
7.57,4,4.720030361127199,5.74829943,,0
6.956105779472533,4,6.124285645781498,9.394138006302857,,0
8.689075376158252,4,3.023776846229513,9.979726865152854,,0
6.922909414617271,2,8.820245386530583,10.0,,0
4.340451297689678,4,5.009771481860387,10.0,,0
8.892882251070988,3,3.746395644856097,10.0,,0
5.641401548706072,3,3.6854919528866414,6.051804761201847,,0
6.019350492026771,3,7.741023118568949,6.178192774363389,,0
6.106508058934762,1,3.3503864171163475,5.362073880939193,,0
9.061657139756226,8,5.596194335982776,10.0,,0
3.796488679031957,1,6.766072343451099,4.439143591000273,,1
11.70662280048999,3,6.108431476,7.780499400806021,,1
8.584085213599078,1,3.874645404863952,8.872130279060983,,0
7.334858371193739,4,6.678443482221838,5.681288421597963,,0
6.92,3,5.311552911735001,9.45559658521034,,0
7.428331112286485,2,1.5601161627951758,7.901489046018283,,0
7.781683642569007,9,7.446531211694618,6.866288235041159,,0
7.967823378925085,3,3.7728283554193616,10.0,,0
7.833406699005173,3,4.648792490525723,7.834031584175718,,0
7.134371021882873,3,5.618930753,6.200884901755725,,0
6.7039923695390105,4,3.936216129325187,8.290282138,,0
6.773090074519732,9,6.513815443986388,9.891123129,,0
6.707637579470979,8,2.7923191479657703,10.0,,0
8.700655145300598,4,3.851238981762628,7.0261993987101565,,0
7.890335083421293,3,7.451446403811066,8.411695780293957,,0
2.59,3,5.050554026296939,5.039797757708426,,1
7.9838511647946415,4,2.886371638369219,10.0,,0
7.292104292078163,2,5.157456434072403,7.161817054715426,,0
6.971936865331154,4,5.803307534680893,9.861804728415564,,0
6.417222320366672,4,1.8279614883433704,4.716213157829716,,0
8.69,10,8.308568508930467,5.183880439382055,,1
8.421289693184287,1,8.578807129,6.8905257251024645,,0
5.840683498264586,10,5.240001486229923,10.0,,0
7.610578430686803,4,4.599836680782479,9.318634510068527,,0
5.542514898188071,8,5.045888176026916,10.0,,0
4.930572752816604,1,6.786101970274715,4.275224202175815,,0
6.059924163115053,4,5.905218699,3.114147226116488,,0
8.293590208574138,3,5.478456401144997,6.425465738,,0
8.43,3,7.764660160608762,10.0,,0
7.769628130145939,3,7.261877585123702,7.072049777890894,,0
8.087643680271995,4,3.0801726299208942,10.0,,0
7.774267430672437,2,6.774791663845777,10.0,,0
6.037777607165571,4,7.303241213628329,10.0,,0
7.647883817010911,4,5.556519397258084,8.477497566603615,,0
8.200614287841523,10,6.198066834567429,10.0,,1
8.131436994720362,2,4.385123838,10.0,,0
8.783370057211965,4,2.5911595349479324,8.541433632241176,,0
8.062455770801595,7,8.774557124,8.282111466412358,,0
7.527172311312374,4,2.321076042164467,7.896629445756401,,0
8.605225357474641,1,8.36251752,8.765375488,,0
6.96,9,4.869501887997676,7.796204223,,0
5.677188023158424,4,7.494879257401419,4.7012306081252255,,0
6.755399554084354,3,5.045831976876261,6.170717928,,0
5.882646032790326,10,6.874821559080334,5.999455845683081,,1
